insert into authors (id, photo, slug, name, description) values (1, 'Фото1', 'lev-tolstoy', 'Лев Толстой', 'Лев Толстой');
insert into authors (id, photo, slug, name, description) values (2, 'Фото2', 'fyodor-dostoevskiy', 'Федор Достаевский', 'Федор Достаевский');
insert into authors (id, photo, slug, name, description) values (3, 'Фото3', 'mikhail-bulgakov', 'Михаил Булгаков', ' МихаилБулгаков');
insert into authors (id, photo, slug, name, description) values (4, 'Фото4', 'nikolay-vasilevich-gogol', 'Николай Гоголь', 'Николай Гоголь');
insert into authors (id, photo, slug, name, description) values (5, 'Фото5', 'aleksandr-pushkin', 'Александр Пушкин', 'Александр Пушкин');
insert into authors (id, photo, slug, name, description) values (6, 'Фото6', 'ivan-sergeevich-turgenev', 'Иван Тургенев', 'Иван Тургенев');
insert into authors (id, photo, slug, name, description) values (7, 'Фото7', 'anton-pavlovich-chekhov', 'Антон Чехов', 'Антон Чехов');
insert into authors (id, photo, slug, name, description) values (8, 'Фото8', 'aleksandr-griboedov', 'Александр Грибоедов', 'Александр Грибоедов');
insert into authors (id, photo, slug, name, description) values (9, 'Фото9', 'ilya-ilf', 'Илья Ильф', 'Илья Ильф');
insert into authors (id, photo, slug, name, description) values (10, 'Фото10', 'evgeniy-petrov', 'Евгений Петров', 'Евгений Петров');
insert into authors (id, photo, slug, name, description) values (11, 'Фото11', 'dzhoan-k-rouling', 'Джоан Роулинг', 'Джоан Роулинг');
insert into authors (id, photo, slug, name, description) values (12, 'Фото11', 'dzhon-ronald-ruel-tolkin', 'Джон Рональд Руэл Толкин', 'Джон Рональд Руэл Толкин');
insert into authors (id, photo, slug, name, description) values (13, 'Фото11', 'dzhordzh-oruell', 'Джордж Оруэлл', 'Джордж Оруэлл');
insert into authors (id, photo, slug, name, description) values (14, 'Фото11', 'gregori-devid-roberts', 'Грегори Дэвид Робертс', 'Грегори Дэвид Робертс');
insert into authors (id, photo, slug, name, description) values (15, 'Фото11', 'erikh-mariya-remark', 'Эрих Мария Ремарк', 'Эрих Мария Ремарк');
insert into authors (id, photo, slug, name, description) values (16, 'Фото11', 'deniel-kiz', 'Дэниел Киз', 'Дэниел Киз');
insert into authors (id, photo, slug, name, description) values (17, 'Фото11', 'oskar-uayld', 'Оскар Уайльд', 'Оскар Уайльд');
insert into authors (id, photo, slug, name, description) values (18, 'Фото11', 'antuan-de-sent-ekzyuperi', 'Антуан де Сент-Экзюпери', 'Антуан де Сент-Экзюпери');
insert into authors (id, photo, slug, name, description) values (19, 'Фото11', 'dzherom-d-selindzher', 'Джером Д. Сэлинджер', 'Джером Д. Сэлинджер');
insert into authors (id, photo, slug, name, description) values (20, 'Фото11', 'rey-bredberi', 'Рэй Брэдбери', 'Рэй Брэдбери');
insert into authors (id, photo, slug, name, description) values (21, 'Фото11', 'rend-ayn', 'Рэнд Айн', 'Рэнд Айн');
insert into authors (id, photo, slug, name, description) values (22, 'Фото11', 'kharper-li', 'Харпер Ли', 'Харпер Ли');
insert into authors (id, photo, slug, name, description) values (23, 'Фото11', 'gabriel-garsia-markes', 'Габриэль Гарсиа Маркес', 'Габриэль Гарсиа Маркес');
insert into authors (id, photo, slug, name, description) values (24, 'Фото11', 'ernest-kheminguey', 'Эрнест Хемингуэй', 'Эрнест Хемингуэй');
insert into authors (id, photo, slug, name, description) values (25, 'Фото11', 'aleksandr-dyuma', 'Александр Дюма', 'Александр Дюма');
insert into authors (id, photo, slug, name, description) values (26, 'Фото11', 'frensis-skott-fitsdzherald', 'Фрэнсис Скотт Фицджеральд', 'Фрэнсис Скотт Фицджеральд');
insert into authors (id, photo, slug, name, description) values (27, 'Фото11', 'dzheyn-ostin', 'Джейн Остин', 'Джейн Остин');
insert into authors (id, photo, slug, name, description) values (28, 'Фото11', 'chak-palanik', 'Чак Паланик', 'Чак Паланик');
insert into authors (id, photo, slug, name, description) values (29, 'Фото11', 'markus-zusak', 'Маркус Зусак', 'Маркус Зусак');
insert into authors (id, photo, slug, name, description) values (30, 'Фото11', 'stiven-king', 'Стивен Кинг', 'Стивен Кинг');
insert into authors (id, photo, slug, name, description) values (31, 'Фото11', 'oldos-khaksli', 'Олдос Хаксли', 'Олдос Хаксли');
insert into authors (id, photo, slug, name, description) values (32, 'Фото11', 'mikhail-lermontov', 'Михаил Лермонтов', 'Михаил Лермонтов');
insert into authors (id, photo, slug, name, description) values (33, 'Фото11', 'endi-veyer', 'Энди Вейер', 'Энди Вейер');
insert into authors (id, photo, slug, name, description) values (34, 'Фото11', 'margaret-mitchell', 'Маргарет Митчелл', 'Маргарет Митчелл');
insert into authors (id, photo, slug, name, description) values (35, 'Фото11', 'mariam-petrosyan', 'Мариам Петросян', 'Мариам Петросян');
insert into authors (id, photo, slug, name, description) values (36, 'Фото11', 'arkadiy-strugatskiy', 'Аркадий Стругацкий', 'Аркадий Стругацкий');
insert into authors (id, photo, slug, name, description) values (37, 'Фото11', 'boris-strugatskiy', 'Борис Стругацкий', 'Борис Стругацкий');
insert into authors (id, photo, slug, name, description) values (38, 'Фото11', 'paulo-koelo', 'Пауло Коэльо', 'Пауло Коэльо');
insert into authors (id, photo, slug, name, description) values (39, 'Фото11', 'dzhordzh-r-r-martin', 'Джордж Р. Р. Мартин', 'Джордж Р. Р. Мартин');
insert into authors (id, photo, slug, name, description) values (40, 'Фото11', 'yanush-vishnevskiy', 'Януш Вишневский', 'Януш Вишневский');

insert into books (id, pub_date, is_bestseller, slug, title, image, description, price, discount) values (1, '01.01.2010', 0, 'anna-karenina', 'Анна Каренина', 'https://dummyimage.com/476x715.png/5fa2dd/ffffff', 'Анна Каренина', 500, 25);
insert into books (id, pub_date, is_bestseller, slug, title, image, description, price, discount) values (2, '01.01.2011', 1, 'prestuplenie-i-nakazanie', 'Преступление и наказание', 'https://dummyimage.com/735x470.png/ff4444/ffffff', 'Преступление и наказание', 400, 50);
insert into books (id, pub_date, is_bestseller, slug, title, image, description, price) values (3, '01.01.2012', 0, 'voyna-i-mir', 'Война и мир', 'https://dummyimage.com/683x577.png/dddddd/000000', 'Война и мир', 300);
insert into books (id, pub_date, is_bestseller, slug, title, image, description, price, discount) values (4, '01.01.2013', 1, 'idiot', 'Идиот', 'https://dummyimage.com/751x457.png/ff4444/ffffff', 'Идиот', 350, 50);
insert into books (id, pub_date, is_bestseller, slug, title, image, description, price) values (5, '01.01.2014', 0, 'master-i-margarita', 'Мастер и Маргарита', 'https://dummyimage.com/414x638.png/dddddd/000000', 'Мастер и Маргарита', 270);
insert into books (id, pub_date, is_bestseller, slug, title, image, description, price, discount) values (6, '01.01.2015', 1, 'myortvye-dushi', 'Мёртвые души', 'https://dummyimage.com/476x715.png/5fa2dd/ffffff', 'Мёртвые души', 700, 10);
insert into books (id, pub_date, is_bestseller, slug, title, image, description, price, discount) values (7, '01.01.2016', 0, 'sobache-serdtse', 'Собачье сердце', 'https://dummyimage.com/476x715.png/5fa2dd/ffffff', 'Собачье сердце', 800, 25);
insert into books (id, pub_date, is_bestseller, slug, title, image, description, price, discount) values (8, '01.01.2017', 1, 'evgeniy-onegin', 'Евгений Онегин', 'https://dummyimage.com/476x715.png/5fa2dd/ffffff', 'Евгений Онегин', 900, 25);
insert into books (id, pub_date, is_bestseller, slug, title, image, description, price, discount) values (9, '01.01.2018', 0, 'fathers-and-sons', 'Отцы и дети', 'https://dummyimage.com/476x715.png/5fa2dd/ffffff', 'Отцы и дети', 460, 25);
insert into books (id, pub_date, is_bestseller, slug, title, image, description, price) values (10, '01.01.2019', 1, 'tales-of-belkin', 'Повести Белкина', 'https://dummyimage.com/476x715.png/5fa2dd/ffffff', 'Повести Белкина', 320);
insert into books (id, pub_date, is_bestseller, slug, title, image, description, price, discount) values (11, '01.01.2020', 0, 'stories', 'Рассказы', 'https://dummyimage.com/476x715.png/5fa2dd/ffffff', 'Рассказы', 400, 25);
insert into books (id, pub_date, is_bestseller, slug, title, image, description, price) values (12, '01.01.2021', 1, 'woe-from-wit', 'Горе от ума', 'https://dummyimage.com/476x715.png/5fa2dd/ffffff', 'Горе от ума', 720);
insert into books (id, pub_date, is_bestseller, slug, title, image, description, price) values (13, '01.02.2022', 0, 'one-story-america', 'Одноэтажная Америка', 'https://dummyimage.com/476x715.png/5fa2dd/ffffff', 'Одноэтажная Америка', 500);
insert into books (id, pub_date, is_bestseller, slug, title, image, description, price) values (14, '01.03.2022', 0, 'garri-potter-i-uznik-azkabana', 'Гарри Поттер и узник Азкабана', 'https://dummyimage.com/476x715.png/5fa2dd/ffffff', 'Гарри Поттер и узник Азкабана', 500);
insert into books (id, pub_date, is_bestseller, slug, title, image, description, price) values (15, '01.04.2022', 0, '451-po-farengeytu', '451° по Фаренгейту', 'https://dummyimage.com/476x715.png/5fa2dd/ffffff', '451° по Фаренгейту', 500);
insert into books (id, pub_date, is_bestseller, slug, title, image, description, price) values (16, '01.05.2021', 1, '1984', '1984', 'https://dummyimage.com/476x715.png/5fa2dd/ffffff', '1984', 500);
insert into books (id, pub_date, is_bestseller, slug, title, image, description, price) values (17, '01.06.2021', 0, 'shantaram', 'Шантарам', 'https://dummyimage.com/476x715.png/5fa2dd/ffffff', 'Шантарам', 500);
insert into books (id, pub_date, is_bestseller, slug, title, image, description, price) values (18, '01.07.2021', 0, 'tri-tovarishcha', 'Три товарища', 'https://dummyimage.com/476x715.png/5fa2dd/ffffff', 'Три товарища', 500);
insert into books (id, pub_date, is_bestseller, slug, title, image, description, price) values (19, '01.01.2022', 0, 'tsvety-dlya-eldzhernona', 'Цветы для Элджернона', 'https://dummyimage.com/476x715.png/5fa2dd/ffffff', 'Цветы для Элджернона', 500);
insert into books (id, pub_date, is_bestseller, slug, title, image, description, price) values (20, '02.01.2022', 1, 'portret-doriana-greya', 'Портрет Дориана Грея', 'https://dummyimage.com/476x715.png/5fa2dd/ffffff', 'Портрет Дориана Грея', 500);
insert into books (id, pub_date, is_bestseller, slug, title, image, description, price) values (21, '03.01.2022', 0, 'malenkiy-prints', 'Маленький принц', 'https://dummyimage.com/476x715.png/5fa2dd/ffffff', 'Маленький принц', 500);
insert into books (id, pub_date, is_bestseller, slug, title, image, description, price) values (22, '04.01.2022', 1, 'nad-propastyu-vo-rzhi', 'Над пропастью во ржи', 'https://dummyimage.com/476x715.png/5fa2dd/ffffff', 'Над пропастью во ржи', 500);
insert into books (id, pub_date, is_bestseller, slug, title, image, description, price) values (23, '05.01.2022', 1, 'vino-iz-oduvanchikov', 'Вино из одуванчиков', 'https://dummyimage.com/476x715.png/5fa2dd/ffffff', 'Вино из одуванчиков', 500);
insert into books (id, pub_date, is_bestseller, slug, title, image, description, price) values (24, '06.01.2022', 1, 'atlant-raspravil-plechi', 'Атлант расправил плечи', 'https://dummyimage.com/476x715.png/5fa2dd/ffffff', 'Атлант расправил плечи', 500);
insert into books (id, pub_date, is_bestseller, slug, title, image, description, price) values (25, '07.01.2022', 1, 'ubit-peresmeshnika', 'Убить пересмешника', 'https://dummyimage.com/476x715.png/5fa2dd/ffffff', 'Убить пересмешника', 500);
insert into books (id, pub_date, is_bestseller, slug, title, image, description, price) values (26, '08.01.2022', 1, 'sto-let-odinochestva', 'Сто лет одиночества', 'https://dummyimage.com/476x715.png/5fa2dd/ffffff', 'Сто лет одиночества', 500);
insert into books (id, pub_date, is_bestseller, slug, title, image, description, price) values (27, '09.01.2022', 1, 'dvenadtsat-stulev', 'Двенадцать стульев', 'https://dummyimage.com/476x715.png/5fa2dd/ffffff', 'Двенадцать стульев', 500);
insert into books (id, pub_date, is_bestseller, slug, title, image, description, price) values (28, '10.01.2022', 0, 'triumfalnaya-arka', 'Триумфальная арка', 'https://dummyimage.com/476x715.png/5fa2dd/ffffff', 'Триумфальная арка', 500);
insert into books (id, pub_date, is_bestseller, slug, title, image, description, price) values (29, '11.01.2022', 0, 'graf-monte-kristo', 'Граф Монте-Кристо', 'https://dummyimage.com/476x715.png/5fa2dd/ffffff', 'Граф Монте-Кристо', 500);
insert into books (id, pub_date, is_bestseller, slug, title, image, description, price) values (30, '12.01.2022', 1, 'velikiy-getsbi', 'Великий Гэтсби', 'https://dummyimage.com/476x715.png/5fa2dd/ffffff', 'Великий Гэтсби', 500);
insert into books (id, pub_date, is_bestseller, slug, title, image, description, price) values (31, '13.01.2022', 1, 'garri-potter-i-filosofskiy-kamen', 'Гарри Поттер и философский камень', 'https://dummyimage.com/476x715.png/5fa2dd/ffffff', 'Гарри Поттер и философский камень', 500);
insert into books (id, pub_date, is_bestseller, slug, title, image, description, price) values (32, '14.01.2022', 0, 'zhizn-vzaymy', 'Жизнь взаймы', 'https://dummyimage.com/476x715.png/5fa2dd/ffffff', 'Жизнь взаймы', 500);
insert into books (id, pub_date, is_bestseller, slug, title, image, description, price) values (33, '15.01.2022', 0, 'gordost-i-predubezhdenie', 'Гордость и предубеждение', 'https://dummyimage.com/476x715.png/5fa2dd/ffffff', 'Гордость и предубеждение', 500);
insert into books (id, pub_date, is_bestseller, slug, title, image, description, price) values (34, '16.01.2022', 0, 'boytsovskiy-klub', 'Бойцовский клуб', 'https://dummyimage.com/476x715.png/5fa2dd/ffffff', 'Бойцовский клуб', 500);
insert into books (id, pub_date, is_bestseller, slug, title, image, description, price) values (35, '17.01.2022', 0, 'knizhnyy-vor', 'Книжный вор', 'https://dummyimage.com/476x715.png/5fa2dd/ffffff', 'Книжный вор', 500);
insert into books (id, pub_date, is_bestseller, slug, title, image, description, price) values (36, '18.01.2022', 1, 'zelyonaya-milya', 'Зелёная миля', 'https://dummyimage.com/476x715.png/5fa2dd/ffffff', 'Зелёная миля', 500);
insert into books (id, pub_date, is_bestseller, slug, title, image, description, price) values (37, '01.01.2022', 1, 'o-divnyy-novyy-mir', 'О дивный новый мир', 'https://dummyimage.com/476x715.png/5fa2dd/ffffff', 'О дивный новый мир', 500);
insert into books (id, pub_date, is_bestseller, slug, title, image, description, price) values (38, '01.01.2022', 0, 'geroy-nashego-vremeni', 'Герой нашего времени', 'https://dummyimage.com/476x715.png/5fa2dd/ffffff', 'Герой нашего времени', 500);
insert into books (id, pub_date, is_bestseller, slug, title, image, description, price) values (39, '01.01.2022', 0, 'marsianin', 'Марсианин', 'https://dummyimage.com/476x715.png/5fa2dd/ffffff', 'Марсианин', 500);
insert into books (id, pub_date, is_bestseller, slug, title, image, description, price) values (40, '01.01.2022', 0, 'bratya-karamazovy', 'Братья Карамазовы', 'https://dummyimage.com/476x715.png/5fa2dd/ffffff', 'Братья Карамазовы', 500);
insert into books (id, pub_date, is_bestseller, slug, title, image, description, price) values (41, '01.01.2022', 1, 'unesyonnye-vetrom', 'Унесённые ветром', 'https://dummyimage.com/476x715.png/5fa2dd/ffffff', 'Унесённые ветром', 500);
insert into books (id, pub_date, is_bestseller, slug, title, image, description, price) values (42, '01.01.2022', 1, 'dom-v-kotorom', 'Дом, в котором…', 'https://dummyimage.com/476x715.png/5fa2dd/ffffff', 'Дом, в котором…', 500);
insert into books (id, pub_date, is_bestseller, slug, title, image, description, price) values (43, '01.01.2022', 1, 'garri-potter-i-orden-feniksa', 'Гарри Поттер и орден Феникса', 'https://dummyimage.com/476x715.png/5fa2dd/ffffff', 'Гарри Поттер и орден Феникса', 500);
insert into books (id, pub_date, is_bestseller, slug, title, image, description, price) values (44, '01.01.2022', 1, 'ponedelnik-nachinaetsya-v-subbotu', 'Понедельник начинается в субботу', 'https://dummyimage.com/476x715.png/5fa2dd/ffffff', 'Понедельник начинается в субботу', 500);
insert into books (id, pub_date, is_bestseller, slug, title, image, description, price) values (45, '01.01.2022', 1, 'alkhimik', 'Алхимик', 'https://dummyimage.com/476x715.png/5fa2dd/ffffff', 'Алхимик', 500);
insert into books (id, pub_date, is_bestseller, slug, title, image, description, price) values (46, '01.01.2022', 1, 'besy', 'Бесы', 'https://dummyimage.com/476x715.png/5fa2dd/ffffff', 'Бесы', 500);
insert into books (id, pub_date, is_bestseller, slug, title, image, description, price) values (47, '01.01.2022', 1, 'garri-potter-i-taynaya-komnata', 'Гарри Поттер и тайная комната', 'https://dummyimage.com/476x715.png/5fa2dd/ffffff', 'Гарри Поттер и тайная комната', 500);
insert into books (id, pub_date, is_bestseller, slug, title, image, description, price) values (48, '01.01.2022', 1, 'igra-prestolov', 'Игра престолов', 'https://dummyimage.com/476x715.png/5fa2dd/ffffff', 'Игра престолов', 500);
insert into books (id, pub_date, is_bestseller, slug, title, image, description, price) values (49, '01.01.2022', 1, 'garri-potter-i-kubok-ognya', 'Гарри Поттер и Кубок огня', 'https://dummyimage.com/476x715.png/5fa2dd/ffffff', 'Гарри Поттер и Кубок огня', 500);
insert into books (id, pub_date, is_bestseller, slug, title, image, description, price) values (50, '01.01.2022', 1, 'starik-i-more', 'Старик и море', 'https://dummyimage.com/476x715.png/5fa2dd/ffffff', 'Старик и море', 500);
insert into books (id, pub_date, is_bestseller, slug, title, image, description, price) values (51, '01.01.2022', 0, 'vlastelin-kolets', 'Властелин колец', 'https://dummyimage.com/476x715.png/5fa2dd/ffffff', 'Властелин колец', 500);
insert into books (id, pub_date, is_bestseller, slug, title, image, description, price) values (52, '01.08.2019', 1, 'odinochestvo-v-seti', 'Одиночество в Сети', 'https://dummyimage.com/476x715.png/5fa2dd/ffffff', 'Одиночество в Сети', 800);

insert into book2author(book_id, author_id) values (1, 1);
insert into book2author(book_id, author_id) values (2, 2);
insert into book2author(book_id, author_id) values (3, 1);
insert into book2author(book_id, author_id) values (4, 2);
insert into book2author(book_id, author_id) values (5, 3);
insert into book2author(book_id, author_id) values (6, 4);
insert into book2author(book_id, author_id) values (7, 3);
insert into book2author(book_id, author_id) values (8, 5);
insert into book2author(book_id, author_id) values (9, 6);
insert into book2author(book_id, author_id) values (10, 5);
insert into book2author(book_id, author_id) values (11, 7);
insert into book2author(book_id, author_id) values (12, 8);
insert into book2author(book_id, author_id) values (13, 9);
insert into book2author(book_id, author_id) values (13, 10);
insert into book2author(book_id, author_id) values (14, 11);
insert into book2author(book_id, author_id) values (15, 20);
insert into book2author(book_id, author_id) values (16, 13);
insert into book2author(book_id, author_id) values (17, 14);
insert into book2author(book_id, author_id) values (18, 15);
insert into book2author(book_id, author_id) values (19, 16);
insert into book2author(book_id, author_id) values (20, 17);
insert into book2author(book_id, author_id) values (21, 18);
insert into book2author(book_id, author_id) values (22, 19);
insert into book2author(book_id, author_id) values (23, 20);
insert into book2author(book_id, author_id) values (24, 21);
insert into book2author(book_id, author_id) values (25, 22);
insert into book2author(book_id, author_id) values (26, 23);
insert into book2author(book_id, author_id) values (27, 9);
insert into book2author(book_id, author_id) values (27, 10);
insert into book2author(book_id, author_id) values (28, 15);
insert into book2author(book_id, author_id) values (29, 25);
insert into book2author(book_id, author_id) values (30, 26);
insert into book2author(book_id, author_id) values (31, 11);
insert into book2author(book_id, author_id) values (32, 15);
insert into book2author(book_id, author_id) values (33, 27);
insert into book2author(book_id, author_id) values (34, 28);
insert into book2author(book_id, author_id) values (35, 29);
insert into book2author(book_id, author_id) values (36, 30);
insert into book2author(book_id, author_id) values (37, 31);
insert into book2author(book_id, author_id) values (38, 32);
insert into book2author(book_id, author_id) values (39, 33);
insert into book2author(book_id, author_id) values (40, 2);
insert into book2author(book_id, author_id) values (41, 34);
insert into book2author(book_id, author_id) values (42, 11);
insert into book2author(book_id, author_id) values (43, 35);
insert into book2author(book_id, author_id) values (44, 36);
insert into book2author(book_id, author_id) values (44, 37);
insert into book2author(book_id, author_id) values (45, 38);
insert into book2author(book_id, author_id) values (46, 2);
insert into book2author(book_id, author_id) values (47, 11);
insert into book2author(book_id, author_id) values (48, 39);
insert into book2author(book_id, author_id) values (49, 11);
insert into book2author(book_id, author_id) values (50, 24);
insert into book2author(book_id, author_id) values (51, 12);
insert into book2author(book_id, author_id) values (52, 40);

insert into genre (id, slug, name) values (1, 'romance', 'Роман');
insert into genre (id, slug, name) values (2, 'fantasy', 'Фантастика');
insert into genre (id, slug, name) values (3, 'satire', 'Сатира');
insert into genre (id, parent_id, slug, name) values (4, 2, 'science_fantasy', 'Научная Фантастика');
insert into genre (id, parent_id, slug, name) values (5, 1, 'love_romance', 'Любовный роман');
insert into genre (id, parent_id, slug, name) values (6, 1, 'philosophical_romance', 'Философский роман');
insert into genre (id, parent_id, slug, name) values (7, 2, 'art_fiction', 'Художественный вымысел');
insert into genre (id, slug, name) values (8, 'stories', 'Рассказы');
insert into genre (id, slug, name) values (9, 'comedy', 'Комедия');
insert into genre (id, slug, name) values (10, 'travel', 'Путешествие');


insert into users (id, hash, reg_time, balance, name) values (1, 'hash-wad-872', '14.3.2019', 741, 'Daria Colam');
insert into users (id, hash, reg_time, balance, name) values (2, 'hash-djf-351', '26.4.2021', 854, 'Ira Monan');
insert into users (id, hash, reg_time, balance, name) values (3, 'hash-kre-492', '24.7.2019', 936, 'Susanna Eakens');
insert into users (id, hash, reg_time, balance, name) values (4, 'hash-lsh-761', '29.3.2019', 683, 'Chantalle Tennewell');
insert into users (id, hash, reg_time, balance, name) values (5, 'hash-kpm-476', '11.5.2022', 577, 'Juline Spiers');
insert into users (id, hash, reg_time, balance, name) values (6, 'hash-qek-958', '4.10.2020', 573, 'Simmonds Dummett');
insert into users (id, hash, reg_time, balance, name) values (7, 'hash-bjr-082', '21.6.2019', 581, 'Reggie Danforth');
insert into users (id, hash, reg_time, balance, name) values (8, 'hash-vzj-922', '29.6.2020', 848, 'Jordanna Leipelt');
insert into users (id, hash, reg_time, balance, name) values (9, 'hash-kxi-891', '18.3.2022', 756, 'Marigold Chatwin');
insert into users (id, hash, reg_time, balance, name) values (10, 'hash-lpa-804', '2.3.2021', 532, 'Bernhard Adderson');
insert into users (id, hash, reg_time, balance, name) values (11, 'hash-bdu-783', '3.3.2021', 451, 'Elayne Klimentov');
insert into users (id, hash, reg_time, balance, name) values (12, 'hash-ipb-032', '4.10.2019', 572, 'Alard Keijser');
insert into users (id, hash, reg_time, balance, name) values (13, 'hash-ntv-363', '3.10.2021', 107, 'Lorianna Ivanilov');
insert into users (id, hash, reg_time, balance, name) values (14, 'hash-vpu-416', '20.7.2021', 874, 'Garnet Sarney');
insert into users (id, hash, reg_time, balance, name) values (15, 'hash-qkx-261', '16.4.2021', 401, 'Vincenty Iacoboni');
insert into users (id, hash, reg_time, balance, name) values (16, 'hash-ode-509', '5.11.2019', 701, 'Giulietta Kaiser');
insert into users (id, hash, reg_time, balance, name) values (17, 'hash-zey-950', '9.4.2021', 251, 'Shari Marqyes');
insert into users (id, hash, reg_time, balance, name) values (18, 'hash-ovx-686', '4.10.2020', 838, 'Winifred Olive');
insert into users (id, hash, reg_time, balance, name) values (19, 'hash-exo-399', '25.12.2019', 144, 'Leia Fuentes');
insert into users (id, hash, reg_time, balance, name) values (20, 'hash-fwh-965', '22.11.2021', 50, 'Jessy Novacek');

insert into book2user_type  (id, code, name) values (1, 'Отложена', 'KEPT');
insert into book2user_type  (id, code, name) values (2, 'В корзине', 'CART');
insert into book2user_type  (id, code, name) values (3, 'Куплена', 'PAID');
insert into book2user_type  (id, code, name) values (4, 'В архиве', 'ARCHIVED');

insert into book2user (time, type_id, book_id, user_id) values ('25.5.2019', 1, 33, 10);
insert into book2user (time, type_id, book_id, user_id) values ('8.5.2020', 4, 25, 2);
insert into book2user (time, type_id, book_id, user_id) values ('17.4.2022', 3, 28, 6);
insert into book2user (time, type_id, book_id, user_id) values ('18.10.2019', 3, 39, 17);
insert into book2user (time, type_id, book_id, user_id) values ('10.10.2019', 1, 34, 11);
insert into book2user (time, type_id, book_id, user_id) values ('26.4.2021', 2, 5, 7);
insert into book2user (time, type_id, book_id, user_id) values ('11.12.2019', 2, 7, 11);
insert into book2user (time, type_id, book_id, user_id) values ('31.12.2020', 4, 38, 15);
insert into book2user (time, type_id, book_id, user_id) values ('26.4.2020', 1, 6, 16);
insert into book2user (time, type_id, book_id, user_id) values ('12.11.2021', 2, 35, 8);
insert into book2user (time, type_id, book_id, user_id) values ('29.8.2021', 2, 52, 13);
insert into book2user (time, type_id, book_id, user_id) values ('9.3.2022', 4, 37, 20);
insert into book2user (time, type_id, book_id, user_id) values ('6.5.2020', 1, 32, 7);
insert into book2user (time, type_id, book_id, user_id) values ('28.11.2019', 2, 9, 7);
insert into book2user (time, type_id, book_id, user_id) values ('6.1.2021', 3, 22, 13);
insert into book2user (time, type_id, book_id, user_id) values ('2.7.2020', 4, 32, 3);
insert into book2user (time, type_id, book_id, user_id) values ('26.8.2020', 1, 34, 3);
insert into book2user (time, type_id, book_id, user_id) values ('12.7.2020', 1, 11, 13);
insert into book2user (time, type_id, book_id, user_id) values ('8.2.2020', 2, 7, 3);
insert into book2user (time, type_id, book_id, user_id) values ('14.3.2020', 4, 21, 9);
insert into book2user (time, type_id, book_id, user_id) values ('13.12.2020', 1, 23, 14);
insert into book2user (time, type_id, book_id, user_id) values ('25.10.2019', 3, 18, 5);
insert into book2user (time, type_id, book_id, user_id) values ('14.10.2019', 3, 6, 15);
insert into book2user (time, type_id, book_id, user_id) values ('30.5.2019', 1, 18, 12);
insert into book2user (time, type_id, book_id, user_id) values ('25.7.2020', 1, 6, 9);
insert into book2user (time, type_id, book_id, user_id) values ('2.11.2019', 4, 32, 10);
insert into book2user (time, type_id, book_id, user_id) values ('19.2.2020', 2, 6, 20);
insert into book2user (time, type_id, book_id, user_id) values ('21.9.2020', 2, 51, 4);
insert into book2user (time, type_id, book_id, user_id) values ('30.4.2020', 3, 5, 15);
insert into book2user (time, type_id, book_id, user_id) values ('2.10.2019', 3, 23, 11);
insert into book2user (time, type_id, book_id, user_id) values ('24.4.2021', 2, 2, 4);
insert into book2user (time, type_id, book_id, user_id) values ('8.8.2021', 1, 2, 20);
insert into book2user (time, type_id, book_id, user_id) values ('26.11.2019', 4, 45, 17);
insert into book2user (time, type_id, book_id, user_id) values ('15.9.2019', 3, 1, 1);
insert into book2user (time, type_id, book_id, user_id) values ('6.2.2022', 4, 20, 6);
insert into book2user (time, type_id, book_id, user_id) values ('4.6.2020', 4, 17, 12);
insert into book2user (time, type_id, book_id, user_id) values ('28.4.2022', 2, 18, 19);
insert into book2user (time, type_id, book_id, user_id) values ('15.1.2020', 2, 32, 14);
insert into book2user (time, type_id, book_id, user_id) values ('28.12.2019', 3, 38, 20);
insert into book2user (time, type_id, book_id, user_id) values ('25.11.2021', 3, 46, 16);
insert into book2user (time, type_id, book_id, user_id) values ('16.8.2021', 2, 36, 11);
insert into book2user (time, type_id, book_id, user_id) values ('12.3.2021', 4, 17, 5);
insert into book2user (time, type_id, book_id, user_id) values ('10.11.2020', 1, 49, 1);
insert into book2user (time, type_id, book_id, user_id) values ('23.9.2021', 2, 48, 11);
insert into book2user (time, type_id, book_id, user_id) values ('23.7.2019', 1, 44, 8);
insert into book2user (time, type_id, book_id, user_id) values ('20.8.2019', 4, 6, 13);
insert into book2user (time, type_id, book_id, user_id) values ('17.1.2022', 1, 21, 3);
insert into book2user (time, type_id, book_id, user_id) values ('6.2.2021', 1, 47, 7);
insert into book2user (time, type_id, book_id, user_id) values ('11.5.2022', 2, 8, 13);
insert into book2user (time, type_id, book_id, user_id) values ('9.9.2019', 3, 31, 6);
insert into book2user (time, type_id, book_id, user_id) values ('6.10.2020', 1, 19, 19);
insert into book2user (time, type_id, book_id, user_id) values ('23.6.2020', 2, 27, 20);
insert into book2user (time, type_id, book_id, user_id) values ('7.8.2021', 1, 50, 17);
insert into book2user (time, type_id, book_id, user_id) values ('31.10.2019', 2, 13, 1);
insert into book2user (time, type_id, book_id, user_id) values ('21.4.2020', 3, 3, 14);
insert into book2user (time, type_id, book_id, user_id) values ('24.5.2021', 1, 34, 19);
insert into book2user (time, type_id, book_id, user_id) values ('27.2.2020', 1, 20, 8);
insert into book2user (time, type_id, book_id, user_id) values ('10.7.2019', 2, 49, 8);
insert into book2user (time, type_id, book_id, user_id) values ('23.8.2019', 1, 13, 19);
insert into book2user (time, type_id, book_id, user_id) values ('11.9.2019', 2, 31, 5);
insert into book2user (time, type_id, book_id, user_id) values ('14.12.2021', 4, 15, 20);
insert into book2user (time, type_id, book_id, user_id) values ('29.8.2020', 3, 19, 13);
insert into book2user (time, type_id, book_id, user_id) values ('28.8.2020', 4, 37, 13);
insert into book2user (time, type_id, book_id, user_id) values ('15.2.2022', 3, 46, 10);
insert into book2user (time, type_id, book_id, user_id) values ('8.1.2020', 2, 42, 5);
insert into book2user (time, type_id, book_id, user_id) values ('27.9.2021', 2, 24, 16);
insert into book2user (time, type_id, book_id, user_id) values ('21.6.2021', 1, 42, 18);
insert into book2user (time, type_id, book_id, user_id) values ('21.10.2020', 4, 51, 20);
insert into book2user (time, type_id, book_id, user_id) values ('28.8.2020', 2, 41, 2);
insert into book2user (time, type_id, book_id, user_id) values ('30.1.2021', 2, 25, 10);
insert into book2user (time, type_id, book_id, user_id) values ('27.8.2019', 3, 45, 6);
insert into book2user (time, type_id, book_id, user_id) values ('16.10.2019', 2, 44, 1);
insert into book2user (time, type_id, book_id, user_id) values ('1.3.2022', 2, 13, 16);
insert into book2user (time, type_id, book_id, user_id) values ('8.8.2021', 4, 28, 1);
insert into book2user (time, type_id, book_id, user_id) values ('24.8.2020', 2, 7, 18);
insert into book2user (time, type_id, book_id, user_id) values ('12.3.2021', 4, 37, 2);
insert into book2user (time, type_id, book_id, user_id) values ('2.11.2021', 4, 18, 13);
insert into book2user (time, type_id, book_id, user_id) values ('5.11.2021', 4, 31, 7);
insert into book2user (time, type_id, book_id, user_id) values ('20.11.2020', 1, 18, 8);
insert into book2user (time, type_id, book_id, user_id) values ('10.12.2021', 2, 2, 2);
insert into book2user (time, type_id, book_id, user_id) values ('24.4.2022', 3, 9, 13);
insert into book2user (time, type_id, book_id, user_id) values ('28.11.2019', 4, 28, 15);
insert into book2user (time, type_id, book_id, user_id) values ('29.4.2022', 2, 33, 11);
insert into book2user (time, type_id, book_id, user_id) values ('14.6.2020', 1, 30, 11);
insert into book2user (time, type_id, book_id, user_id) values ('23.3.2020', 1, 2, 18);
insert into book2user (time, type_id, book_id, user_id) values ('10.8.2021', 2, 8, 10);
insert into book2user (time, type_id, book_id, user_id) values ('11.10.2021', 4, 34, 2);
insert into book2user (time, type_id, book_id, user_id) values ('26.10.2019', 4, 1, 12);
insert into book2user (time, type_id, book_id, user_id) values ('25.7.2020', 1, 3, 20);
insert into book2user (time, type_id, book_id, user_id) values ('27.10.2020', 4, 40, 16);
insert into book2user (time, type_id, book_id, user_id) values ('13.4.2022', 2, 21, 7);
insert into book2user (time, type_id, book_id, user_id) values ('26.7.2019', 3, 45, 7);
insert into book2user (time, type_id, book_id, user_id) values ('5.12.2019', 3, 40, 15);
insert into book2user (time, type_id, book_id, user_id) values ('16.11.2020', 2, 11, 18);
insert into book2user (time, type_id, book_id, user_id) values ('4.11.2019', 1, 15, 2);
insert into book2user (time, type_id, book_id, user_id) values ('6.11.2019', 1, 37, 15);
insert into book2user (time, type_id, book_id, user_id) values ('21.11.2021', 3, 47, 16);
insert into book2user (time, type_id, book_id, user_id) values ('22.1.2022', 1, 47, 13);
insert into book2user (time, type_id, book_id, user_id) values ('24.10.2019', 3, 12, 13);
insert into book2user (time, type_id, book_id, user_id) values ('15.3.2020', 1, 1, 6);

insert into tags (id, name, slug) values (1, 'Криминал', 'crime');
insert into tags (id, name, slug) values (2, 'Драма', 'drama');
insert into tags (id, name, slug) values (3, 'Комедия', 'comedy');
insert into tags (id, name, slug) values (4, 'Детский', 'children');
insert into tags (id, name, slug) values (5, 'Ужасы', 'horror');
insert into tags (id, name, slug) values (6, 'Экшн', 'action');
insert into tags (id, name, slug) values (7, 'Документальный', 'documentary');
insert into tags (id, name, slug) values (8, 'Фантастика', 'sci-fi');
insert into tags (id, name, slug) values (9, 'Роман', 'romance');
insert into tags (id, name, slug) values (10, 'Триллер', 'thriller');
insert into tags (id, name, slug) values (11, 'Вестерн', 'western');
insert into tags (id, name, slug) values (12, 'Фильм-нуар', 'film-noir');
insert into tags (id, name, slug) values (13, 'Мюзикл', 'musical');
insert into tags (id, name, slug) values (14, 'Приключение', 'adventure');
insert into tags (id, name, slug) values (15, 'Фантазия', 'fantasy');
insert into tags (id, name, slug) values (16, 'Мультфильм', 'animation');
insert into tags (id, name, slug) values (17, 'Военный', 'war');

insert into book2tag (book_id, tag_id) values (1, 12);
insert into book2tag (book_id, tag_id) values (1, 17);
insert into book2tag (book_id, tag_id) values (1, 4);
insert into book2tag (book_id, tag_id) values (1, 6);
insert into book2tag (book_id, tag_id) values (10, 1);
insert into book2tag (book_id, tag_id) values (10, 5);
insert into book2tag (book_id, tag_id) values (10, 6);
insert into book2tag (book_id, tag_id) values (12, 6);
insert into book2tag (book_id, tag_id) values (12, 7);
insert into book2tag (book_id, tag_id) values (13, 14);
insert into book2tag (book_id, tag_id) values (13, 7);
insert into book2tag (book_id, tag_id) values (14, 12);
insert into book2tag (book_id, tag_id) values (14, 8);
insert into book2tag (book_id, tag_id) values (15, 1);
insert into book2tag (book_id, tag_id) values (15, 13);
insert into book2tag (book_id, tag_id) values (15, 15);
insert into book2tag (book_id, tag_id) values (15, 2);
insert into book2tag (book_id, tag_id) values (16, 11);
insert into book2tag (book_id, tag_id) values (16, 16);
insert into book2tag (book_id, tag_id) values (18, 4);
insert into book2tag (book_id, tag_id) values (18, 9);
insert into book2tag (book_id, tag_id) values (19, 1);
insert into book2tag (book_id, tag_id) values (19, 12);
insert into book2tag (book_id, tag_id) values (19, 7);
insert into book2tag (book_id, tag_id) values (2, 15);
insert into book2tag (book_id, tag_id) values (2, 2);
insert into book2tag (book_id, tag_id) values (2, 7);
insert into book2tag (book_id, tag_id) values (20, 12);
insert into book2tag (book_id, tag_id) values (20, 6);
insert into book2tag (book_id, tag_id) values (21, 14);
insert into book2tag (book_id, tag_id) values (21, 16);
insert into book2tag (book_id, tag_id) values (21, 3);
insert into book2tag (book_id, tag_id) values (22, 10);
insert into book2tag (book_id, tag_id) values (22, 17);
insert into book2tag (book_id, tag_id) values (22, 3);
insert into book2tag (book_id, tag_id) values (22, 9);
insert into book2tag (book_id, tag_id) values (23, 1);
insert into book2tag (book_id, tag_id) values (23, 6);
insert into book2tag (book_id, tag_id) values (25, 6);
insert into book2tag (book_id, tag_id) values (25, 9);
insert into book2tag (book_id, tag_id) values (26, 5);
insert into book2tag (book_id, tag_id) values (27, 14);
insert into book2tag (book_id, tag_id) values (28, 1);
insert into book2tag (book_id, tag_id) values (28, 3);
insert into book2tag (book_id, tag_id) values (29, 1);
insert into book2tag (book_id, tag_id) values (29, 10);
insert into book2tag (book_id, tag_id) values (29, 13);
insert into book2tag (book_id, tag_id) values (29, 15);
insert into book2tag (book_id, tag_id) values (3, 1);
insert into book2tag (book_id, tag_id) values (30, 3);
insert into book2tag (book_id, tag_id) values (30, 4);
insert into book2tag (book_id, tag_id) values (30, 9);
insert into book2tag (book_id, tag_id) values (31, 1);
insert into book2tag (book_id, tag_id) values (31, 3);
insert into book2tag (book_id, tag_id) values (32, 17);
insert into book2tag (book_id, tag_id) values (32, 7);
insert into book2tag (book_id, tag_id) values (33, 6);
insert into book2tag (book_id, tag_id) values (33, 7);
insert into book2tag (book_id, tag_id) values (33, 8);
insert into book2tag (book_id, tag_id) values (34, 17);
insert into book2tag (book_id, tag_id) values (35, 9);
insert into book2tag (book_id, tag_id) values (36, 13);
insert into book2tag (book_id, tag_id) values (37, 11);
insert into book2tag (book_id, tag_id) values (38, 11);
insert into book2tag (book_id, tag_id) values (38, 12);
insert into book2tag (book_id, tag_id) values (38, 15);
insert into book2tag (book_id, tag_id) values (38, 2);
insert into book2tag (book_id, tag_id) values (38, 3);
insert into book2tag (book_id, tag_id) values (39, 5);
insert into book2tag (book_id, tag_id) values (39, 7);
insert into book2tag (book_id, tag_id) values (4, 5);
insert into book2tag (book_id, tag_id) values (4, 6);
insert into book2tag (book_id, tag_id) values (40, 11);
insert into book2tag (book_id, tag_id) values (40, 6);
insert into book2tag (book_id, tag_id) values (41, 14);
insert into book2tag (book_id, tag_id) values (42, 8);
insert into book2tag (book_id, tag_id) values (43, 8);
insert into book2tag (book_id, tag_id) values (44, 4);
insert into book2tag (book_id, tag_id) values (45, 1);
insert into book2tag (book_id, tag_id) values (46, 1);
insert into book2tag (book_id, tag_id) values (47, 13);
insert into book2tag (book_id, tag_id) values (48, 13);
insert into book2tag (book_id, tag_id) values (48, 14);
insert into book2tag (book_id, tag_id) values (5, 5);
insert into book2tag (book_id, tag_id) values (51, 14);
insert into book2tag (book_id, tag_id) values (51, 17);
insert into book2tag (book_id, tag_id) values (51, 4);
insert into book2tag (book_id, tag_id) values (52, 3);
insert into book2tag (book_id, tag_id) values (52, 4);
insert into book2tag (book_id, tag_id) values (52, 9);
insert into book2tag (book_id, tag_id) values (6, 12);
insert into book2tag (book_id, tag_id) values (6, 13);
insert into book2tag (book_id, tag_id) values (7, 3);
insert into book2tag (book_id, tag_id) values (7, 8);
insert into book2tag (book_id, tag_id) values (9, 5);
insert into book2tag (book_id, tag_id) values (9, 7);
insert into book2tag (book_id, tag_id) values (9, 9);