insert into authors (id, photo, slug, name, description) values (1, 'Фото1', 'slug1', 'Лев Толстой', 'Лев Толстой');
insert into authors (id, photo, slug, name, description) values (2, 'Фото2', 'slug2', 'Федор Достаевский', 'Федор Достаевский');
insert into authors (id, photo, slug, name, description) values (3, 'Фото3', 'slug3', 'Михаил Булгаков', ' МихаилБулгаков');
insert into authors (id, photo, slug, name, description) values (4, 'Фото4', 'slug4', 'Николай Гоголь', 'Николай Гоголь');
insert into authors (id, photo, slug, name, description) values (5, 'Фото5', 'slug5', 'Александр Пушкин', 'Александр Пушкин');
insert into authors (id, photo, slug, name, description) values (6, 'Фото6', 'slug6', 'Иван Тургенев', 'Иван Тургенев');
insert into authors (id, photo, slug, name, description) values (7, 'Фото7', 'slug7', 'Антон Чехов', 'Антон Чехов');
insert into authors (id, photo, slug, name, description) values (8, 'Фото8', 'slug8', 'Александр Грибоедов', 'Александр Грибоедов');
insert into authors (id, photo, slug, name, description) values (9, 'Фото9', 'slug9', 'Илья Ильф', 'Илья Ильф');
insert into authors (id, photo, slug, name, description) values (10, 'Фото10', 'slug10', 'Евгений Петров', 'Евгений Петров');

insert into books (id, pub_date, is_bestseller, slug, title, image, description, price, discount) values (1, '01.01.1878', 10, 'slug1', 'Анна Каренина', 'image1', 'Анна Каренина', 500, 25);
insert into books (id, pub_date, is_bestseller, slug, title, image, description, price, discount) values (2, '01.01.1878', 5, 'slug2', 'Преступление и наказание', 'image2', 'Преступление и наказание', 400, 50);
insert into books (id, pub_date, is_bestseller, slug, title, image, description, price) values (3, '01.01.1878', 8, 'slug3', 'Война и мир', 'image3', 'Война и мир', 300);
insert into books (id, pub_date, is_bestseller, slug, title, image, description, price, discount) values (4, '01.01.1878', 2, 'slug4', 'Идиот', 'image4', 'Идиот', 350, 50);
insert into books (id, pub_date, is_bestseller, slug, title, image, description, price) values (5, '01.01.1878', 8, 'slug5', 'Мастер и Маргарита', 'image5', 'Мастер и Маргарита', 270);
insert into books (id, pub_date, is_bestseller, slug, title, image, description, price, discount) values (6, '01.01.1878', 1, 'slug6', 'Мёртвые души', 'image6', 'Мёртвые души', 700, 10);
insert into books (id, pub_date, is_bestseller, slug, title, image, description, price, discount) values (7, '01.01.1878', 6, 'slug7', 'Собачье сердце', 'image7', 'Собачье сердце', 800, 25);
insert into books (id, pub_date, is_bestseller, slug, title, image, description, price, discount) values (8, '01.01.1878', 4, 'slug8', 'Евгений Онегин', 'image8', 'Евгений Онегин', 900, 25);
insert into books (id, pub_date, is_bestseller, slug, title, image, description, price, discount) values (9, '01.01.1878', 8, 'slug9', 'Отцы и дети', 'image9', 'Отцы и дети', 460, 25);
insert into books (id, pub_date, is_bestseller, slug, title, image, description, price) values (10, '01.01.1878', 9, 'slug10', 'Повести Белкина', 'image10', 'Повести Белкина', 320);
insert into books (id, pub_date, is_bestseller, slug, title, image, description, price, discount) values (11, '01.01.1878', 10, 'slug11', 'Рассказы', 'image11', 'Рассказы', 400, 25);
insert into books (id, pub_date, is_bestseller, slug, title, image, description, price) values (12, '01.01.1878', 7, 'slug12', 'Горе от ума', 'image12', 'Горе от ума', 720);
insert into books (id, pub_date, is_bestseller, slug, title, image, description, price) values (13, '01.01.1878', 6, 'slug13', 'Одноэтажная Америка', 'image13', 'Одноэтажная Америка', 500);

insert into book2author(author_id, book_id) values (1, 1);
insert into book2author(author_id, book_id) values (2, 2);
insert into book2author(author_id, book_id) values (1, 3);
insert into book2author(author_id, book_id) values (2, 4);
insert into book2author(author_id, book_id) values (3, 5);
insert into book2author(author_id, book_id) values (4, 6);
insert into book2author(author_id, book_id) values (3, 7);
insert into book2author(author_id, book_id) values (5, 8);
insert into book2author(author_id, book_id) values (6, 9);
insert into book2author(author_id, book_id) values (5, 10);
insert into book2author(author_id, book_id) values (7, 11);
insert into book2author(author_id, book_id) values (8, 12);
insert into book2author(author_id, book_id) values (9, 13);
insert into book2author(author_id, book_id) values (10, 13);

insert into genre (id, slug, name) values (1, 'romance', 'Роман');
insert into genre (id, slug, name) values (2, 'fantasy', 'Фантастика');
insert into genre (id, slug, name) values (3, 'satire', 'Сатира');
insert into genre (id, parent_id, slug, name) values (4, 2, 'science_fantasy', 'Научная фантастика');
insert into genre (id, parent_id, slug, name) values (5, 1, 'love_romance', 'Любовный роман');
insert into genre (id, parent_id, slug, name) values (6, 1, 'philosophical_romance', 'Философский роман');
insert into genre (id, parent_id, slug, name) values (7, 2, 'art_fiction', 'Художественный вымысел');
insert into genre (id, slug, name) values (8, 'stories', 'Рассказы');
insert into genre (id, slug, name) values (9, 'comedy', 'Комедия');
insert into genre (id, slug, name) values (10, 'travel', 'Путешествие');
