insert into authors (id, photo, slug, name, description) values (1, 'Фото1', 'lev-tolstoy', 'Лев Толстой', 'Лев Толстой');
insert into authors (id, photo, slug, name, description) values (2, 'Фото2', 'fyodor-dostoevskiy', 'Федор Достаевский', 'Федор Достаевский');
insert into authors (id, photo, slug, name, description) values (3, 'Фото3', 'mikhail-bulgakov', 'Михаил Булгаков', ' МихаилБулгаков');
insert into authors (id, photo, slug, name, description) values (4, 'Фото4', 'nikolay-vasilevich-gogol', 'Николай Гоголь', 'Николай Гоголь');
insert into authors (id, photo, slug, name, description) values (5, 'Фото5', 'aleksandr-pushkin', 'Александр Пушкин', 'Александр Пушкин');
insert into authors (id, photo, slug, name, description) values (6, 'Фото6', 'ivan-sergeevich-turgenev', 'Иван Тургенев', 'Иван Тургенев');
insert into authors (id, photo, slug, name, description) values (7, 'Фото7', 'anton-pavlovich-chekhov', 'Антон Чехов', 'Антон Чехов');
insert into authors (id, photo, slug, name, description) values (8, 'Фото8', 'aleksandr-griboedov', 'Александр Грибоедов', 'Александр Грибоедов');
insert into authors (id, photo, slug, name, description) values (9, 'Фото9', 'ilya-ilf', 'Илья Ильф', 'Илья Ильф');
insert into authors (id, photo, slug, name, description) values (10, 'Фото10', 'evgeniy-petrov', 'Евгений Петров', 'Евгений Петров');
insert into authors (id, photo, slug, name, description) values (11, 'Фото11', 'dzhoan-k-rouling', 'Джоан Роулинг', 'Джоан Роулинг');
insert into authors (id, photo, slug, name, description) values (12, 'Фото11', 'dzhon-ronald-ruel-tolkin', 'Джон Рональд Руэл Толкин', 'Джон Рональд Руэл Толкин');
insert into authors (id, photo, slug, name, description) values (13, 'Фото11', 'dzhordzh-oruell', 'Джордж Оруэлл', 'Джордж Оруэлл');
insert into authors (id, photo, slug, name, description) values (14, 'Фото11', 'gregori-devid-roberts', 'Грегори Дэвид Робертс', 'Грегори Дэвид Робертс');
insert into authors (id, photo, slug, name, description) values (15, 'Фото11', 'erikh-mariya-remark', 'Эрих Мария Ремарк', 'Эрих Мария Ремарк');
insert into authors (id, photo, slug, name, description) values (16, 'Фото11', 'deniel-kiz', 'Дэниел Киз', 'Дэниел Киз');
insert into authors (id, photo, slug, name, description) values (17, 'Фото11', 'oskar-uayld', 'Оскар Уайльд', 'Оскар Уайльд');
insert into authors (id, photo, slug, name, description) values (18, 'Фото11', 'antuan-de-sent-ekzyuperi', 'Антуан де Сент-Экзюпери', 'Антуан де Сент-Экзюпери');
insert into authors (id, photo, slug, name, description) values (19, 'Фото11', 'dzherom-d-selindzher', 'Джером Д. Сэлинджер', 'Джером Д. Сэлинджер');
insert into authors (id, photo, slug, name, description) values (20, 'Фото11', 'rey-bredberi', 'Рэй Брэдбери', 'Рэй Брэдбери');
insert into authors (id, photo, slug, name, description) values (21, 'Фото11', 'rend-ayn', 'Рэнд Айн', 'Рэнд Айн');
insert into authors (id, photo, slug, name, description) values (22, 'Фото11', 'kharper-li', 'Харпер Ли', 'Харпер Ли');
insert into authors (id, photo, slug, name, description) values (23, 'Фото11', 'gabriel-garsia-markes', 'Габриэль Гарсиа Маркес', 'Габриэль Гарсиа Маркес');
insert into authors (id, photo, slug, name, description) values (24, 'Фото11', 'ernest-kheminguey', 'Эрнест Хемингуэй', 'Эрнест Хемингуэй');
insert into authors (id, photo, slug, name, description) values (25, 'Фото11', 'aleksandr-dyuma', 'Александр Дюма', 'Александр Дюма');
insert into authors (id, photo, slug, name, description) values (26, 'Фото11', 'frensis-skott-fitsdzherald', 'Фрэнсис Скотт Фицджеральд', 'Фрэнсис Скотт Фицджеральд');
insert into authors (id, photo, slug, name, description) values (27, 'Фото11', 'dzheyn-ostin', 'Джейн Остин', 'Джейн Остин');
insert into authors (id, photo, slug, name, description) values (28, 'Фото11', 'chak-palanik', 'Чак Паланик', 'Чак Паланик');
insert into authors (id, photo, slug, name, description) values (29, 'Фото11', 'markus-zusak', 'Маркус Зусак', 'Маркус Зусак');
insert into authors (id, photo, slug, name, description) values (30, 'Фото11', 'stiven-king', 'Стивен Кинг', 'Стивен Кинг');
insert into authors (id, photo, slug, name, description) values (31, 'Фото11', 'oldos-khaksli', 'Олдос Хаксли', 'Олдос Хаксли');
insert into authors (id, photo, slug, name, description) values (32, 'Фото11', 'mikhail-lermontov', 'Михаил Лермонтов', 'Михаил Лермонтов');
insert into authors (id, photo, slug, name, description) values (33, 'Фото11', 'endi-veyer', 'Энди Вейер', 'Энди Вейер');
insert into authors (id, photo, slug, name, description) values (34, 'Фото11', 'margaret-mitchell', 'Маргарет Митчелл', 'Маргарет Митчелл');
insert into authors (id, photo, slug, name, description) values (35, 'Фото11', 'mariam-petrosyan', 'Мариам Петросян', 'Мариам Петросян');
insert into authors (id, photo, slug, name, description) values (36, 'Фото11', 'arkadiy-strugatskiy', 'Аркадий Стругацкий', 'Аркадий Стругацкий');
insert into authors (id, photo, slug, name, description) values (37, 'Фото11', 'boris-strugatskiy', 'Борис Стругацкий', 'Борис Стругацкий');
insert into authors (id, photo, slug, name, description) values (38, 'Фото11', 'paulo-koelo', 'Пауло Коэльо', 'Пауло Коэльо');
insert into authors (id, photo, slug, name, description) values (39, 'Фото11', 'dzhordzh-r-r-martin', 'Джордж Р. Р. Мартин', 'Джордж Р. Р. Мартин');
insert into authors (id, photo, slug, name, description) values (40, 'Фото11', 'yanush-vishnevskiy', 'Януш Вишневский', 'Януш Вишневский');

insert into books (id, pub_date, is_bestseller, slug, title, image, description, price, discount) values (1, '2010-02-02', 0, 'anna-karenina', 'Анна Каренина', 'https://dummyimage.com/476x715.png/5fa2dd/ffffff', 'Анна Каренина', 500, 25);
insert into books (id, pub_date, is_bestseller, slug, title, image, description, price, discount) values (2, '2011-03-02', 1, 'prestuplenie-i-nakazanie', 'Преступление и наказание', 'https://dummyimage.com/735x470.png/ff4444/ffffff', 'Преступление и наказание', 400, 50);
insert into books (id, pub_date, is_bestseller, slug, title, image, description, price) values (3, '2012-04-02', 0, 'voyna-i-mir', 'Война и мир', 'https://dummyimage.com/683x577.png/dddddd/000000', 'Война и мир', 300);
insert into books (id, pub_date, is_bestseller, slug, title, image, description, price, discount) values (4, '2013-05-02', 1, 'idiot', 'Идиот', 'https://dummyimage.com/751x457.png/ff4444/ffffff', 'Идиот', 350, 50);
insert into books (id, pub_date, is_bestseller, slug, title, image, description, price) values (5, '2014-06-02', 0, 'master-i-margarita', 'Мастер и Маргарита', 'https://dummyimage.com/414x638.png/dddddd/000000', 'Мастер и Маргарита', 270);
insert into books (id, pub_date, is_bestseller, slug, title, image, description, price, discount) values (6, '2015-07-02', 1, 'myortvye-dushi', 'Мёртвые души', 'https://dummyimage.com/476x715.png/5fa2dd/ffffff', 'Мёртвые души', 700, 10);
insert into books (id, pub_date, is_bestseller, slug, title, image, description, price, discount) values (7, '2016-08-02', 0, 'sobache-serdtse', 'Собачье сердце', 'https://dummyimage.com/476x715.png/5fa2dd/ffffff', 'Собачье сердце', 800, 25);
insert into books (id, pub_date, is_bestseller, slug, title, image, description, price, discount) values (8, '2017-09-02', 1, 'evgeniy-onegin', 'Евгений Онегин', 'https://dummyimage.com/476x715.png/5fa2dd/ffffff', 'Евгений Онегин', 900, 25);
insert into books (id, pub_date, is_bestseller, slug, title, image, description, price, discount) values (9, '2018-10-02', 0, 'fathers-and-sons', 'Отцы и дети', 'https://dummyimage.com/476x715.png/5fa2dd/ffffff', 'Отцы и дети', 460, 25);
insert into books (id, pub_date, is_bestseller, slug, title, image, description, price) values (10, '2019-11-02', 1, 'tales-of-belkin', 'Повести Белкина', 'https://dummyimage.com/476x715.png/5fa2dd/ffffff', 'Повести Белкина', 320);
insert into books (id, pub_date, is_bestseller, slug, title, image, description, price, discount) values (11, '2020-12-02', 0, 'stories', 'Рассказы', 'https://dummyimage.com/476x715.png/5fa2dd/ffffff', 'Рассказы', 400, 25);
insert into books (id, pub_date, is_bestseller, slug, title, image, description, price) values (12, '2021-01-03', 1, 'woe-from-wit', 'Горе от ума', 'https://dummyimage.com/476x715.png/5fa2dd/ffffff', 'Горе от ума', 720);
insert into books (id, pub_date, is_bestseller, slug, title, image, description, price) values (13, '2022-02-03', 0, 'one-story-america', 'Одноэтажная Америка', 'https://dummyimage.com/476x715.png/5fa2dd/ffffff', 'Одноэтажная Америка', 500);
insert into books (id, pub_date, is_bestseller, slug, title, image, description, price) values (14, '2011-04-03', 0, 'garri-potter-i-uznik-azkabana', 'Гарри Поттер и узник Азкабана', 'https://dummyimage.com/476x715.png/5fa2dd/ffffff', 'Гарри Поттер и узник Азкабана', 500);
insert into books (id, pub_date, is_bestseller, slug, title, image, description, price) values (15, '2012-05-04', 0, '451-po-farengeytu', '451° по Фаренгейту', 'https://dummyimage.com/476x715.png/5fa2dd/ffffff', '451° по Фаренгейту', 500);
insert into books (id, pub_date, is_bestseller, slug, title, image, description, price) values (16, '2013-06-05', 1, '1984', '1984', 'https://dummyimage.com/476x715.png/5fa2dd/ffffff', '1984', 500);
insert into books (id, pub_date, is_bestseller, slug, title, image, description, price) values (17, '2014-07-06', 0, 'shantaram', 'Шантарам', 'https://dummyimage.com/476x715.png/5fa2dd/ffffff', 'Шантарам', 500);
insert into books (id, pub_date, is_bestseller, slug, title, image, description, price) values (18, '2015-08-07', 0, 'tri-tovarishcha', 'Три товарища', 'https://dummyimage.com/476x715.png/5fa2dd/ffffff', 'Три товарища', 500);
insert into books (id, pub_date, is_bestseller, slug, title, image, description, price) values (19, '2016-09-08', 0, 'tsvety-dlya-eldzhernona', 'Цветы для Элджернона', 'https://dummyimage.com/476x715.png/5fa2dd/ffffff', 'Цветы для Элджернона', 500);
insert into books (id, pub_date, is_bestseller, slug, title, image, description, price) values (20, '2017-10-03', 1, 'portret-doriana-greya', 'Портрет Дориана Грея', 'https://dummyimage.com/476x715.png/5fa2dd/ffffff', 'Портрет Дориана Грея', 500);
insert into books (id, pub_date, is_bestseller, slug, title, image, description, price) values (21, '2018-11-03', 0, 'malenkiy-prints', 'Маленький принц', 'https://dummyimage.com/476x715.png/5fa2dd/ffffff', 'Маленький принц', 500);
insert into books (id, pub_date, is_bestseller, slug, title, image, description, price) values (22, '2019-12-03', 1, 'nad-propastyu-vo-rzhi', 'Над пропастью во ржи', 'https://dummyimage.com/476x715.png/5fa2dd/ffffff', 'Над пропастью во ржи', 500);
insert into books (id, pub_date, is_bestseller, slug, title, image, description, price) values (23, '2020-01-11', 1, 'vino-iz-oduvanchikov', 'Вино из одуванчиков', 'https://dummyimage.com/476x715.png/5fa2dd/ffffff', 'Вино из одуванчиков', 500);
insert into books (id, pub_date, is_bestseller, slug, title, image, description, price) values (24, '2021-02-12', 1, 'atlant-raspravil-plechi', 'Атлант расправил плечи', 'https://dummyimage.com/476x715.png/5fa2dd/ffffff', 'Атлант расправил плечи', 500);
insert into books (id, pub_date, is_bestseller, slug, title, image, description, price) values (25, '2011-03-13', 1, 'ubit-peresmeshnika', 'Убить пересмешника', 'https://dummyimage.com/476x715.png/5fa2dd/ffffff', 'Убить пересмешника', 500);
insert into books (id, pub_date, is_bestseller, slug, title, image, description, price) values (26, '2010-04-14', 1, 'sto-let-odinochestva', 'Сто лет одиночества', 'https://dummyimage.com/476x715.png/5fa2dd/ffffff', 'Сто лет одиночества', 500);
insert into books (id, pub_date, is_bestseller, slug, title, image, description, price) values (27, '2012-05-12', 1, 'dvenadtsat-stulev', 'Двенадцать стульев', 'https://dummyimage.com/476x715.png/5fa2dd/ffffff', 'Двенадцать стульев', 500);
insert into books (id, pub_date, is_bestseller, slug, title, image, description, price) values (28, '2013-06-12', 0, 'triumfalnaya-arka', 'Триумфальная арка', 'https://dummyimage.com/476x715.png/5fa2dd/ffffff', 'Триумфальная арка', 500);
insert into books (id, pub_date, is_bestseller, slug, title, image, description, price) values (29, '2014-07-12', 0, 'graf-monte-kristo', 'Граф Монте-Кристо', 'https://dummyimage.com/476x715.png/5fa2dd/ffffff', 'Граф Монте-Кристо', 500);
insert into books (id, pub_date, is_bestseller, slug, title, image, description, price) values (30, '2015-08-12', 1, 'velikiy-getsbi', 'Великий Гэтсби', 'https://dummyimage.com/476x715.png/5fa2dd/ffffff', 'Великий Гэтсби', 500);
insert into books (id, pub_date, is_bestseller, slug, title, image, description, price) values (31, '2016-09-12', 1, 'garri-potter-i-filosofskiy-kamen', 'Гарри Поттер и философский камень', 'https://dummyimage.com/476x715.png/5fa2dd/ffffff', 'Гарри Поттер и философский камень', 500);
insert into books (id, pub_date, is_bestseller, slug, title, image, description, price) values (32, '2017-10-12', 0, 'zhizn-vzaymy', 'Жизнь взаймы', 'https://dummyimage.com/476x715.png/5fa2dd/ffffff', 'Жизнь взаймы', 500);
insert into books (id, pub_date, is_bestseller, slug, title, image, description, price) values (33, '2018-11-12', 0, 'gordost-i-predubezhdenie', 'Гордость и предубеждение', 'https://dummyimage.com/476x715.png/5fa2dd/ffffff', 'Гордость и предубеждение', 500);
insert into books (id, pub_date, is_bestseller, slug, title, image, description, price) values (34, '2019-12-12', 0, 'boytsovskiy-klub', 'Бойцовский клуб', 'https://dummyimage.com/476x715.png/5fa2dd/ffffff', 'Бойцовский клуб', 500);
insert into books (id, pub_date, is_bestseller, slug, title, image, description, price) values (35, '2020-01-12', 0, 'knizhnyy-vor', 'Книжный вор', 'https://dummyimage.com/476x715.png/5fa2dd/ffffff', 'Книжный вор', 500);
insert into books (id, pub_date, is_bestseller, slug, title, image, description, price) values (36, '2021-02-13', 1, 'zelyonaya-milya', 'Зелёная миля', 'https://dummyimage.com/476x715.png/5fa2dd/ffffff', 'Зелёная миля', 500);
insert into books (id, pub_date, is_bestseller, slug, title, image, description, price) values (37, '2011-03-13', 1, 'o-divnyy-novyy-mir', 'О дивный новый мир', 'https://dummyimage.com/476x715.png/5fa2dd/ffffff', 'О дивный новый мир', 500);
insert into books (id, pub_date, is_bestseller, slug, title, image, description, price) values (38, '2010-04-13', 0, 'geroy-nashego-vremeni', 'Герой нашего времени', 'https://dummyimage.com/476x715.png/5fa2dd/ffffff', 'Герой нашего времени', 500);
insert into books (id, pub_date, is_bestseller, slug, title, image, description, price) values (39, '2012-05-13', 0, 'marsianin', 'Марсианин', 'https://dummyimage.com/476x715.png/5fa2dd/ffffff', 'Марсианин', 500);
insert into books (id, pub_date, is_bestseller, slug, title, image, description, price) values (40, '2013-06-13', 0, 'bratya-karamazovy', 'Братья Карамазовы', 'https://dummyimage.com/476x715.png/5fa2dd/ffffff', 'Братья Карамазовы', 500);
insert into books (id, pub_date, is_bestseller, slug, title, image, description, price) values (41, '2014-07-13', 1, 'unesyonnye-vetrom', 'Унесённые ветром', 'https://dummyimage.com/476x715.png/5fa2dd/ffffff', 'Унесённые ветром', 500);
insert into books (id, pub_date, is_bestseller, slug, title, image, description, price) values (42, '2015-08-13', 1, 'dom-v-kotorom', 'Дом, в котором…', 'https://dummyimage.com/476x715.png/5fa2dd/ffffff', 'Дом, в котором…', 500);
insert into books (id, pub_date, is_bestseller, slug, title, image, description, price) values (43, '2016-09-13', 1, 'garri-potter-i-orden-feniksa', 'Гарри Поттер и орден Феникса', 'https://dummyimage.com/476x715.png/5fa2dd/ffffff', 'Гарри Поттер и орден Феникса', 500);
insert into books (id, pub_date, is_bestseller, slug, title, image, description, price) values (44, '2017-10-13', 1, 'ponedelnik-nachinaetsya-v-subbotu', 'Понедельник начинается в субботу', 'https://dummyimage.com/476x715.png/5fa2dd/ffffff', 'Понедельник начинается в субботу', 500);
insert into books (id, pub_date, is_bestseller, slug, title, image, description, price) values (45, '2018-11-13', 1, 'alkhimik', 'Алхимик', 'https://dummyimage.com/476x715.png/5fa2dd/ffffff', 'Алхимик', 500);
insert into books (id, pub_date, is_bestseller, slug, title, image, description, price) values (46, '2019-12-13', 1, 'besy', 'Бесы', 'https://dummyimage.com/476x715.png/5fa2dd/ffffff', 'Бесы', 500);
insert into books (id, pub_date, is_bestseller, slug, title, image, description, price) values (47, '2020-01-14', 1, 'garri-potter-i-taynaya-komnata', 'Гарри Поттер и тайная комната', 'https://dummyimage.com/476x715.png/5fa2dd/ffffff', 'Гарри Поттер и тайная комната', 500);
insert into books (id, pub_date, is_bestseller, slug, title, image, description, price) values (48, '2021-02-15', 1, 'igra-prestolov', 'Игра престолов', 'https://dummyimage.com/476x715.png/5fa2dd/ffffff', 'Игра престолов', 500);
insert into books (id, pub_date, is_bestseller, slug, title, image, description, price) values (49, '2022-03-15', 1, 'garri-potter-i-kubok-ognya', 'Гарри Поттер и Кубок огня', 'https://dummyimage.com/476x715.png/5fa2dd/ffffff', 'Гарри Поттер и Кубок огня', 500);
insert into books (id, pub_date, is_bestseller, slug, title, image, description, price) values (50, '2010-04-15', 1, 'starik-i-more', 'Старик и море', 'https://dummyimage.com/476x715.png/5fa2dd/ffffff', 'Старик и море', 500);
insert into books (id, pub_date, is_bestseller, slug, title, image, description, price) values (51, '2011-05-15', 0, 'vlastelin-kolets', 'Властелин колец', 'https://dummyimage.com/476x715.png/5fa2dd/ffffff', 'Властелин колец', 500);
insert into books (id, pub_date, is_bestseller, slug, title, image, description, price) values (52, '2012-06-15', 1, 'odinochestvo-v-seti', 'Одиночество в Сети', 'https://dummyimage.com/476x715.png/5fa2dd/ffffff', 'Одиночество в Сети', 800);

insert into book2author(book_id, author_id) values (1, 1);
insert into book2author(book_id, author_id) values (2, 2);
insert into book2author(book_id, author_id) values (3, 1);
insert into book2author(book_id, author_id) values (4, 2);
insert into book2author(book_id, author_id) values (5, 3);
insert into book2author(book_id, author_id) values (6, 4);
insert into book2author(book_id, author_id) values (7, 3);
insert into book2author(book_id, author_id) values (8, 5);
insert into book2author(book_id, author_id) values (9, 6);
insert into book2author(book_id, author_id) values (10, 5);
insert into book2author(book_id, author_id) values (11, 7);
insert into book2author(book_id, author_id) values (12, 8);
insert into book2author(book_id, author_id) values (13, 9);
insert into book2author(book_id, author_id) values (13, 10);
insert into book2author(book_id, author_id) values (14, 11);
insert into book2author(book_id, author_id) values (15, 20);
insert into book2author(book_id, author_id) values (16, 13);
insert into book2author(book_id, author_id) values (17, 14);
insert into book2author(book_id, author_id) values (18, 15);
insert into book2author(book_id, author_id) values (19, 16);
insert into book2author(book_id, author_id) values (20, 17);
insert into book2author(book_id, author_id) values (21, 18);
insert into book2author(book_id, author_id) values (22, 19);
insert into book2author(book_id, author_id) values (23, 20);
insert into book2author(book_id, author_id) values (24, 21);
insert into book2author(book_id, author_id) values (25, 22);
insert into book2author(book_id, author_id) values (26, 23);
insert into book2author(book_id, author_id) values (27, 9);
insert into book2author(book_id, author_id) values (27, 10);
insert into book2author(book_id, author_id) values (28, 15);
insert into book2author(book_id, author_id) values (29, 25);
insert into book2author(book_id, author_id) values (30, 26);
insert into book2author(book_id, author_id) values (31, 11);
insert into book2author(book_id, author_id) values (32, 15);
insert into book2author(book_id, author_id) values (33, 27);
insert into book2author(book_id, author_id) values (34, 28);
insert into book2author(book_id, author_id) values (35, 29);
insert into book2author(book_id, author_id) values (36, 30);
insert into book2author(book_id, author_id) values (37, 31);
insert into book2author(book_id, author_id) values (38, 32);
insert into book2author(book_id, author_id) values (39, 33);
insert into book2author(book_id, author_id) values (40, 2);
insert into book2author(book_id, author_id) values (41, 34);
insert into book2author(book_id, author_id) values (42, 35);
insert into book2author(book_id, author_id) values (43, 11);
insert into book2author(book_id, author_id) values (44, 36);
insert into book2author(book_id, author_id) values (44, 37);
insert into book2author(book_id, author_id) values (45, 38);
insert into book2author(book_id, author_id) values (46, 2);
insert into book2author(book_id, author_id) values (47, 11);
insert into book2author(book_id, author_id) values (48, 39);
insert into book2author(book_id, author_id) values (49, 11);
insert into book2author(book_id, author_id) values (50, 24);
insert into book2author(book_id, author_id) values (51, 12);
insert into book2author(book_id, author_id) values (52, 40);


insert into genre (id, slug, name) values (1, 'legkoye_chteniye', 'Легкое чтение');
insert into genre (id, parent_id, slug, name) values (2, 1, 'fantasy', 'Фантастика');
insert into genre (id, parent_id, slug, name) values (3, 3, 'puteshestviye', 'Путешествие');
insert into genre (id, parent_id, slug, name) values (4, 2, 'science_fantasy', 'Научная Фантастика');
insert into genre (id, parent_id, slug, name) values (5, 1, 'boyevki', 'Боевки');
insert into genre (id, parent_id, slug, name) values (6, 1, 'detektivy', 'Детективы');
insert into genre (id, parent_id, slug, name) values (7, 6, 'triller', 'Триллер');
insert into genre (id, parent_id, slug, name) values (8, 6, 'krutoy detektiv', 'Крутой детектив');
insert into genre (id, parent_id, slug, name) values (9, 6, 'ironicheskiy detektiv', 'Иронический детектив');
insert into genre (id, parent_id, slug, name) values (10, 6, 'pro manyakov', 'Про маньяков');
insert into genre (id, parent_id, slug, name) values (11, 6, 'krutoy_detektiv', 'Шпионский детектив');
insert into genre (id, parent_id, slug, name) values (12, 6, 'shpionskiy_detektiv', 'Криминальный детектив');
insert into genre (id, parent_id, slug, name) values (13, 6, 'klassicheskiy_detektiv', 'Классический детектив');
insert into genre (id, parent_id, slug, name) values (14, 6, 'politicheskiy_detektiv', 'Политический детектив');
insert into genre (id, parent_id, slug, name) values (15, 1, 'fentezi', 'Фэнтези');
insert into genre (id, parent_id, slug, name) values (16, 1, 'romance', 'Роман');
insert into genre (id, parent_id, slug, name) values (17, 16, 'love_romance', 'Любовный роман');
insert into genre (id, parent_id, slug, name) values (18, 16, 'philosophical_romance', 'Философский роман');
insert into genre (id, parent_id, slug, name) values (19, 1, 'priklyucheniya', 'Приключения');
insert into genre (id, parent_id, slug, name) values (20, 1, 'uzhasy', 'Ужасы');
insert into genre (id, slug, name) values (21, 'serznoye_chteniye', 'Серьезное чтение');
insert into genre (id, parent_id, slug, name) values (22, 21, 'biografiya', 'Биография');
insert into genre (id, parent_id, slug, name) values (23, 21, 'art_fiction', 'Художественный вымысел');
insert into genre (id, slug, name) values (24, 'dramaturgiya', 'Драматургия');
insert into genre (id, parent_id, slug, name) values (25, 24, 'satire', 'Сатира');
insert into genre (id, parent_id, slug, name) values (26, 24, 'comedy', 'Комедия');

insert into book2genre (book_id, genre_id) values (1, 14);
insert into book2genre (book_id, genre_id) values (1, 1);
insert into book2genre (book_id, genre_id) values (2, 1);
insert into book2genre (book_id, genre_id) values (3, 1);
insert into book2genre (book_id, genre_id) values (4, 1);
insert into book2genre (book_id, genre_id) values (5, 1);
insert into book2genre (book_id, genre_id) values (6, 1);
insert into book2genre (book_id, genre_id) values (7, 1);
insert into book2genre (book_id, genre_id) values (9, 1);
insert into book2genre (book_id, genre_id) values (10, 1);
insert into book2genre (book_id, genre_id) values (11, 1);
insert into book2genre (book_id, genre_id) values (12, 1);
insert into book2genre (book_id, genre_id) values (13, 1);
insert into book2genre (book_id, genre_id) values (14, 1);
insert into book2genre (book_id, genre_id) values (15, 1);
insert into book2genre (book_id, genre_id) values (16, 1);
insert into book2genre (book_id, genre_id) values (18, 1);
insert into book2genre (book_id, genre_id) values (19, 1);
insert into book2genre (book_id, genre_id) values (20, 1);
insert into book2genre (book_id, genre_id) values (21, 1);
insert into book2genre (book_id, genre_id) values (22, 1);
insert into book2genre (book_id, genre_id) values (24, 1);
insert into book2genre (book_id, genre_id) values (25, 1);
insert into book2genre (book_id, genre_id) values (27, 1);
insert into book2genre (book_id, genre_id) values (29, 1);
insert into book2genre (book_id, genre_id) values (30, 1);
insert into book2genre (book_id, genre_id) values (32, 1);
insert into book2genre (book_id, genre_id) values (33, 1);
insert into book2genre (book_id, genre_id) values (34, 1);
insert into book2genre (book_id, genre_id) values (35, 1);
insert into book2genre (book_id, genre_id) values (36, 1);
insert into book2genre (book_id, genre_id) values (37, 1);
insert into book2genre (book_id, genre_id) values (38, 1);
insert into book2genre (book_id, genre_id) values (39, 1);
insert into book2genre (book_id, genre_id) values (40, 1);
insert into book2genre (book_id, genre_id) values (43, 1);
insert into book2genre (book_id, genre_id) values (1, 24);
insert into book2genre (book_id, genre_id) values (10, 11);
insert into book2genre (book_id, genre_id) values (10, 13);
insert into book2genre (book_id, genre_id) values (10, 14);
insert into book2genre (book_id, genre_id) values (10, 16);
insert into book2genre (book_id, genre_id) values (10, 18);
insert into book2genre (book_id, genre_id) values (10, 2);
insert into book2genre (book_id, genre_id) values (10, 22);
insert into book2genre (book_id, genre_id) values (10, 6);
insert into book2genre (book_id, genre_id) values (10, 7);
insert into book2genre (book_id, genre_id) values (12, 14);
insert into book2genre (book_id, genre_id) values (13, 11);
insert into book2genre (book_id, genre_id) values (13, 3);
insert into book2genre (book_id, genre_id) values (14, 26);
insert into book2genre (book_id, genre_id) values (14, 25);
insert into book2genre (book_id, genre_id) values (14, 4);
insert into book2genre (book_id, genre_id) values (15, 15);
insert into book2genre (book_id, genre_id) values (15, 16);
insert into book2genre (book_id, genre_id) values (15, 2);
insert into book2genre (book_id, genre_id) values (15, 24);
insert into book2genre (book_id, genre_id) values (15, 8);
insert into book2genre (book_id, genre_id) values (16, 11);
insert into book2genre (book_id, genre_id) values (16, 12);
insert into book2genre (book_id, genre_id) values (16, 6);
insert into book2genre (book_id, genre_id) values (17, 1);
insert into book2genre (book_id, genre_id) values (17, 2);
insert into book2genre (book_id, genre_id) values (17, 24);
insert into book2genre (book_id, genre_id) values (17, 26);
insert into book2genre (book_id, genre_id) values (17, 3);
insert into book2genre (book_id, genre_id) values (17, 6);
insert into book2genre (book_id, genre_id) values (18, 20);
insert into book2genre (book_id, genre_id) values (19, 13);
insert into book2genre (book_id, genre_id) values (19, 14);
insert into book2genre (book_id, genre_id) values (19, 21);
insert into book2genre (book_id, genre_id) values (2, 10);
insert into book2genre (book_id, genre_id) values (2, 19);
insert into book2genre (book_id, genre_id) values (2, 4);
insert into book2genre (book_id, genre_id) values (2, 8);
insert into book2genre (book_id, genre_id) values (21, 11);
insert into book2genre (book_id, genre_id) values (21, 14);
insert into book2genre (book_id, genre_id) values (21, 26);
insert into book2genre (book_id, genre_id) values (21, 3);
insert into book2genre (book_id, genre_id) values (22, 3);
insert into book2genre (book_id, genre_id) values (22, 5);
insert into book2genre (book_id, genre_id) values (23, 1);
insert into book2genre (book_id, genre_id) values (23, 17);
insert into book2genre (book_id, genre_id) values (23, 20);
insert into book2genre (book_id, genre_id) values (23, 22);
insert into book2genre (book_id, genre_id) values (23, 24);
insert into book2genre (book_id, genre_id) values (23, 23);
insert into book2genre (book_id, genre_id) values (23, 3);
insert into book2genre (book_id, genre_id) values (23, 4);
insert into book2genre (book_id, genre_id) values (24, 10);
insert into book2genre (book_id, genre_id) values (24, 12);
insert into book2genre (book_id, genre_id) values (24, 15);
insert into book2genre (book_id, genre_id) values (24, 17);
insert into book2genre (book_id, genre_id) values (24, 18);
insert into book2genre (book_id, genre_id) values (24, 19);
insert into book2genre (book_id, genre_id) values (24, 9);
insert into book2genre (book_id, genre_id) values (25, 11);
insert into book2genre (book_id, genre_id) values (25, 14);
insert into book2genre (book_id, genre_id) values (25, 15);
insert into book2genre (book_id, genre_id) values (25, 17);
insert into book2genre (book_id, genre_id) values (25, 22);
insert into book2genre (book_id, genre_id) values (25, 24);
insert into book2genre (book_id, genre_id) values (26, 1);
insert into book2genre (book_id, genre_id) values (26, 10);
insert into book2genre (book_id, genre_id) values (26, 12);
insert into book2genre (book_id, genre_id) values (26, 26);
insert into book2genre (book_id, genre_id) values (26, 3);
insert into book2genre (book_id, genre_id) values (26, 7);
insert into book2genre (book_id, genre_id) values (26, 8);
insert into book2genre (book_id, genre_id) values (27, 11);
insert into book2genre (book_id, genre_id) values (27, 25);
insert into book2genre (book_id, genre_id) values (27, 6);
insert into book2genre (book_id, genre_id) values (28, 1);
insert into book2genre (book_id, genre_id) values (28, 26);
insert into book2genre (book_id, genre_id) values (29, 9);
insert into book2genre (book_id, genre_id) values (3, 12);
insert into book2genre (book_id, genre_id) values (3, 2);
insert into book2genre (book_id, genre_id) values (3, 26);
insert into book2genre (book_id, genre_id) values (3, 6);
insert into book2genre (book_id, genre_id) values (30, 12);
insert into book2genre (book_id, genre_id) values (30, 6);
insert into book2genre (book_id, genre_id) values (30, 9);
insert into book2genre (book_id, genre_id) values (31, 1);
insert into book2genre (book_id, genre_id) values (31, 11);
insert into book2genre (book_id, genre_id) values (31, 13);
insert into book2genre (book_id, genre_id) values (31, 23);
insert into book2genre (book_id, genre_id) values (31, 24);
insert into book2genre (book_id, genre_id) values (31, 4);
insert into book2genre (book_id, genre_id) values (31, 7);
insert into book2genre (book_id, genre_id) values (31, 9);
insert into book2genre (book_id, genre_id) values (32, 15);
insert into book2genre (book_id, genre_id) values (32, 21);
insert into book2genre (book_id, genre_id) values (33, 10);
insert into book2genre (book_id, genre_id) values (33, 2);
insert into book2genre (book_id, genre_id) values (34, 12);
insert into book2genre (book_id, genre_id) values (34, 20);
insert into book2genre (book_id, genre_id) values (34, 22);
insert into book2genre (book_id, genre_id) values (34, 24);
insert into book2genre (book_id, genre_id) values (34, 25);
insert into book2genre (book_id, genre_id) values (34, 23);
insert into book2genre (book_id, genre_id) values (34, 5);
insert into book2genre (book_id, genre_id) values (35, 12);
insert into book2genre (book_id, genre_id) values (35, 14);
insert into book2genre (book_id, genre_id) values (35, 16);
insert into book2genre (book_id, genre_id) values (35, 23);
insert into book2genre (book_id, genre_id) values (35, 5);
insert into book2genre (book_id, genre_id) values (35, 7);
insert into book2genre (book_id, genre_id) values (36, 10);
insert into book2genre (book_id, genre_id) values (36, 12);
insert into book2genre (book_id, genre_id) values (36, 13);
insert into book2genre (book_id, genre_id) values (36, 14);
insert into book2genre (book_id, genre_id) values (36, 19);
insert into book2genre (book_id, genre_id) values (36, 3);
insert into book2genre (book_id, genre_id) values (36, 4);
insert into book2genre (book_id, genre_id) values (37, 10);
insert into book2genre (book_id, genre_id) values (37, 17);
insert into book2genre (book_id, genre_id) values (37, 25);
insert into book2genre (book_id, genre_id) values (37, 9);
insert into book2genre (book_id, genre_id) values (38, 14);
insert into book2genre (book_id, genre_id) values (38, 16);
insert into book2genre (book_id, genre_id) values (38, 2);
insert into book2genre (book_id, genre_id) values (38, 26);
insert into book2genre (book_id, genre_id) values (38, 3);
insert into book2genre (book_id, genre_id) values (38, 6);
insert into book2genre (book_id, genre_id) values (39, 14);
insert into book2genre (book_id, genre_id) values (39, 2);
insert into book2genre (book_id, genre_id) values (39, 7);
insert into book2genre (book_id, genre_id) values (4, 13);
insert into book2genre (book_id, genre_id) values (4, 18);
insert into book2genre (book_id, genre_id) values (4, 2);
insert into book2genre (book_id, genre_id) values (4, 3);
insert into book2genre (book_id, genre_id) values (4, 25);
insert into book2genre (book_id, genre_id) values (4, 26);
insert into book2genre (book_id, genre_id) values (4, 24);
insert into book2genre (book_id, genre_id) values (40, 10);
insert into book2genre (book_id, genre_id) values (40, 15);
insert into book2genre (book_id, genre_id) values (40, 19);
insert into book2genre (book_id, genre_id) values (40, 6);
insert into book2genre (book_id, genre_id) values (40, 8);
insert into book2genre (book_id, genre_id) values (41, 1);
insert into book2genre (book_id, genre_id) values (41, 10);
insert into book2genre (book_id, genre_id) values (41, 17);
insert into book2genre (book_id, genre_id) values (41, 6);
insert into book2genre (book_id, genre_id) values (41, 8);
insert into book2genre (book_id, genre_id) values (42, 12);
insert into book2genre (book_id, genre_id) values (42, 2);
insert into book2genre (book_id, genre_id) values (42, 22);
insert into book2genre (book_id, genre_id) values (42, 25);
insert into book2genre (book_id, genre_id) values (42, 26);
insert into book2genre (book_id, genre_id) values (42, 9);
insert into book2genre (book_id, genre_id) values (43, 15);
insert into book2genre (book_id, genre_id) values (44, 13);
insert into book2genre (book_id, genre_id) values (44, 15);
insert into book2genre (book_id, genre_id) values (44, 16);
insert into book2genre (book_id, genre_id) values (44, 17);
insert into book2genre (book_id, genre_id) values (44, 2);
insert into book2genre (book_id, genre_id) values (44, 9);
insert into book2genre (book_id, genre_id) values (45, 21);
insert into book2genre (book_id, genre_id) values (45, 23);
insert into book2genre (book_id, genre_id) values (45, 25);
insert into book2genre (book_id, genre_id) values (45, 4);
insert into book2genre (book_id, genre_id) values (46, 2);
insert into book2genre (book_id, genre_id) values (47, 1);
insert into book2genre (book_id, genre_id) values (47, 22);
insert into book2genre (book_id, genre_id) values (47, 5);
insert into book2genre (book_id, genre_id) values (48, 26);
insert into book2genre (book_id, genre_id) values (49, 14);
insert into book2genre (book_id, genre_id) values (49, 16);
insert into book2genre (book_id, genre_id) values (49, 22);
insert into book2genre (book_id, genre_id) values (49, 8);
insert into book2genre (book_id, genre_id) values (5, 11);
insert into book2genre (book_id, genre_id) values (5, 14);
insert into book2genre (book_id, genre_id) values (5, 7);
insert into book2genre (book_id, genre_id) values (50, 11);
insert into book2genre (book_id, genre_id) values (50, 4);
insert into book2genre (book_id, genre_id) values (50, 8);
insert into book2genre (book_id, genre_id) values (50, 9);
insert into book2genre (book_id, genre_id) values (51, 4);
insert into book2genre (book_id, genre_id) values (52, 16);
insert into book2genre (book_id, genre_id) values (52, 20);
insert into book2genre (book_id, genre_id) values (52, 21);
insert into book2genre (book_id, genre_id) values (52, 7);
insert into book2genre (book_id, genre_id) values (52, 6);
insert into book2genre (book_id, genre_id) values (6, 10);
insert into book2genre (book_id, genre_id) values (6, 19);
insert into book2genre (book_id, genre_id) values (6, 21);
insert into book2genre (book_id, genre_id) values (7, 11);
insert into book2genre (book_id, genre_id) values (8, 1);
insert into book2genre (book_id, genre_id) values (8, 11);
insert into book2genre (book_id, genre_id) values (8, 2);
insert into book2genre (book_id, genre_id) values (9, 12);
insert into book2genre (book_id, genre_id) values (9, 13);
insert into book2genre (book_id, genre_id) values (9, 24);
insert into book2genre (book_id, genre_id) values (9, 5);
insert into book2genre (book_id, genre_id) values (9, 7);
insert into book2genre (book_id, genre_id) values (9, 9);

insert into users (id, hash, reg_time, balance, name) values (1, 'hash-wad-872', '2018-01-02', 741, 'Daria Colam');
insert into users (id, hash, reg_time, balance, name) values (2, 'hash-djf-351', '2019-01-02', 854, 'Ira Monan');
insert into users (id, hash, reg_time, balance, name) values (3, 'hash-kre-492', '2021-01-02', 936, 'Susanna Eakens');
insert into users (id, hash, reg_time, balance, name) values (4, 'hash-lsh-761', '2022-01-02', 683, 'Chantalle Tennewell');
insert into users (id, hash, reg_time, balance, name) values (5, 'hash-kpm-476', '2021-01-02', 577, 'Juline Spiers');
insert into users (id, hash, reg_time, balance, name) values (6, 'hash-qek-958', '2021-01-02', 573, 'Simmonds Dummett');
insert into users (id, hash, reg_time, balance, name) values (7, 'hash-bjr-082', '2021-01-02', 581, 'Reggie Danforth');
insert into users (id, hash, reg_time, balance, name) values (8, 'hash-vzj-922', '2020-01-03', 848, 'Jordanna Leipelt');
insert into users (id, hash, reg_time, balance, name) values (9, 'hash-kxi-891', '2020-01-04', 756, 'Marigold Chatwin');
insert into users (id, hash, reg_time, balance, name) values (10, 'hash-lpa-804', '2020-01-05', 532, 'Bernhard Adderson');
insert into users (id, hash, reg_time, balance, name) values (11, 'hash-bdu-783', '2020-01-06', 451, 'Elayne Klimentov');
insert into users (id, hash, reg_time, balance, name) values (12, 'hash-ipb-032', '2020-01-07', 572, 'Alard Keijser');
insert into users (id, hash, reg_time, balance, name) values (13, 'hash-ntv-363', '2020-01-08', 107, 'Lorianna Ivanilov');
insert into users (id, hash, reg_time, balance, name) values (14, 'hash-vpu-416', '2020-01-09', 874, 'Garnet Sarney');
insert into users (id, hash, reg_time, balance, name) values (15, 'hash-qkx-261', '2020-01-10', 401, 'Vincenty Iacoboni');
insert into users (id, hash, reg_time, balance, name) values (16, 'hash-ode-509', '2020-02-02', 701, 'Giulietta Kaiser');
insert into users (id, hash, reg_time, balance, name) values (17, 'hash-zey-950', '2020-03-02', 251, 'Shari Marqyes');
insert into users (id, hash, reg_time, balance, name) values (18, 'hash-ovx-686', '2020-04-02', 838, 'Winifred Olive');
insert into users (id, hash, reg_time, balance, name) values (19, 'hash-exo-399', '2020-05-02', 144, 'Leia Fuentes');
insert into users (id, hash, reg_time, balance, name) values (20, 'hash-fwh-965', '2020-06-02', 50, 'Jessy Novacek');

insert into book2user_type  (id, code, name) values (1, 'Отложена', 'KEPT');
insert into book2user_type  (id, code, name) values (2, 'В корзине', 'CART');
insert into book2user_type  (id, code, name) values (3, 'Куплена', 'PAID');
insert into book2user_type  (id, code, name) values (4, 'В архиве', 'ARCHIVED');

insert into book2user (time, type_id, book_id, user_id) values ('2020-09-26', 1, 27, 17);
insert into book2user (time, type_id, book_id, user_id) values ('2022-03-01', 3, 45, 12);
insert into book2user (time, type_id, book_id, user_id) values ('2021-01-16', 3, 36, 2);
insert into book2user (time, type_id, book_id, user_id) values ('2022-02-26', 2, 9, 14);
insert into book2user (time, type_id, book_id, user_id) values ('2022-03-18', 4, 45, 17);
insert into book2user (time, type_id, book_id, user_id) values ('2021-02-02', 3, 27, 2);
insert into book2user (time, type_id, book_id, user_id) values ('2021-07-10', 3, 52, 16);
insert into book2user (time, type_id, book_id, user_id) values ('2021-08-09', 1, 30, 1);
insert into book2user (time, type_id, book_id, user_id) values ('2020-11-04', 3, 44, 5);
insert into book2user (time, type_id, book_id, user_id) values ('2021-07-16', 1, 52, 1);
insert into book2user (time, type_id, book_id, user_id) values ('2020-07-04', 4, 20, 17);
insert into book2user (time, type_id, book_id, user_id) values ('2022-05-02', 4, 15, 6);
insert into book2user (time, type_id, book_id, user_id) values ('2020-06-11', 1, 8, 2);
insert into book2user (time, type_id, book_id, user_id) values ('2020-12-13', 4, 41, 10);
insert into book2user (time, type_id, book_id, user_id) values ('2020-06-21', 1, 3, 12);
insert into book2user (time, type_id, book_id, user_id) values ('2021-09-29', 4, 48, 18);
insert into book2user (time, type_id, book_id, user_id) values ('2020-12-03', 2, 30, 14);
insert into book2user (time, type_id, book_id, user_id) values ('2020-11-22', 3, 51, 8);
insert into book2user (time, type_id, book_id, user_id) values ('2021-06-10', 1, 26, 1);
insert into book2user (time, type_id, book_id, user_id) values ('2022-03-12', 4, 16, 19);
insert into book2user (time, type_id, book_id, user_id) values ('2020-08-19', 3, 33, 16);
insert into book2user (time, type_id, book_id, user_id) values ('2021-08-03', 3, 5, 5);
insert into book2user (time, type_id, book_id, user_id) values ('2021-02-07', 3, 23, 14);
insert into book2user (time, type_id, book_id, user_id) values ('2022-04-09', 1, 31, 14);
insert into book2user (time, type_id, book_id, user_id) values ('2021-12-24', 1, 4, 11);
insert into book2user (time, type_id, book_id, user_id) values ('2021-03-19', 3, 17, 1);
insert into book2user (time, type_id, book_id, user_id) values ('2022-04-11', 4, 33, 15);
insert into book2user (time, type_id, book_id, user_id) values ('2020-12-21', 3, 23, 4);
insert into book2user (time, type_id, book_id, user_id) values ('2020-06-01', 4, 39, 9);
insert into book2user (time, type_id, book_id, user_id) values ('2021-06-15', 3, 19, 10);
insert into book2user (time, type_id, book_id, user_id) values ('2021-12-06', 3, 48, 5);
insert into book2user (time, type_id, book_id, user_id) values ('2020-10-11', 3, 36, 20);
insert into book2user (time, type_id, book_id, user_id) values ('2021-04-02', 2, 36, 17);
insert into book2user (time, type_id, book_id, user_id) values ('2020-08-27', 4, 12, 19);
insert into book2user (time, type_id, book_id, user_id) values ('2021-12-23', 2, 8, 1);
insert into book2user (time, type_id, book_id, user_id) values ('2021-10-05', 3, 14, 18);
insert into book2user (time, type_id, book_id, user_id) values ('2021-07-30', 1, 3, 3);
insert into book2user (time, type_id, book_id, user_id) values ('2020-12-02', 4, 52, 20);
insert into book2user (time, type_id, book_id, user_id) values ('2022-02-21', 2, 46, 9);
insert into book2user (time, type_id, book_id, user_id) values ('2020-12-12', 2, 14, 14);
insert into book2user (time, type_id, book_id, user_id) values ('2021-11-04', 4, 8, 14);
insert into book2user (time, type_id, book_id, user_id) values ('2020-10-10', 3, 19, 11);
insert into book2user (time, type_id, book_id, user_id) values ('2021-07-16', 2, 5, 7);
insert into book2user (time, type_id, book_id, user_id) values ('2021-01-08', 4, 28, 8);
insert into book2user (time, type_id, book_id, user_id) values ('2021-04-04', 1, 3, 8);
insert into book2user (time, type_id, book_id, user_id) values ('2021-11-06', 2, 45, 11);
insert into book2user (time, type_id, book_id, user_id) values ('2021-03-20', 4, 14, 3);
insert into book2user (time, type_id, book_id, user_id) values ('2022-02-14', 1, 10, 17);
insert into book2user (time, type_id, book_id, user_id) values ('2020-08-09', 2, 27, 9);
insert into book2user (time, type_id, book_id, user_id) values ('2021-08-12', 3, 15, 3);
insert into book2user (time, type_id, book_id, user_id) values ('2021-06-22', 4, 24, 1);
insert into book2user (time, type_id, book_id, user_id) values ('2020-08-09', 4, 22, 12);
insert into book2user (time, type_id, book_id, user_id) values ('2020-07-17', 4, 9, 4);
insert into book2user (time, type_id, book_id, user_id) values ('2020-08-13', 1, 33, 14);
insert into book2user (time, type_id, book_id, user_id) values ('2021-09-27', 3, 38, 7);
insert into book2user (time, type_id, book_id, user_id) values ('2020-11-07', 2, 22, 17);
insert into book2user (time, type_id, book_id, user_id) values ('2020-10-16', 3, 39, 7);
insert into book2user (time, type_id, book_id, user_id) values ('2021-08-02', 4, 4, 18);
insert into book2user (time, type_id, book_id, user_id) values ('2020-12-27', 2, 30, 2);
insert into book2user (time, type_id, book_id, user_id) values ('2021-01-15', 1, 39, 18);
insert into book2user (time, type_id, book_id, user_id) values ('2020-06-08', 1, 8, 6);
insert into book2user (time, type_id, book_id, user_id) values ('2020-09-26', 3, 18, 19);
insert into book2user (time, type_id, book_id, user_id) values ('2020-11-15', 1, 49, 3);
insert into book2user (time, type_id, book_id, user_id) values ('2020-08-01', 3, 23, 1);
insert into book2user (time, type_id, book_id, user_id) values ('2021-02-26', 3, 41, 8);
insert into book2user (time, type_id, book_id, user_id) values ('2021-07-26', 4, 42, 15);
insert into book2user (time, type_id, book_id, user_id) values ('2020-08-02', 4, 28, 18);
insert into book2user (time, type_id, book_id, user_id) values ('2022-01-11', 3, 34, 9);
insert into book2user (time, type_id, book_id, user_id) values ('2020-06-10', 1, 36, 10);
insert into book2user (time, type_id, book_id, user_id) values ('2020-10-16', 3, 44, 10);
insert into book2user (time, type_id, book_id, user_id) values ('2022-03-24', 2, 38, 6);
insert into book2user (time, type_id, book_id, user_id) values ('2021-06-01', 3, 19, 2);
insert into book2user (time, type_id, book_id, user_id) values ('2020-07-29', 3, 35, 20);
insert into book2user (time, type_id, book_id, user_id) values ('2020-12-03', 4, 19, 3);
insert into book2user (time, type_id, book_id, user_id) values ('2022-05-06', 2, 45, 8);
insert into book2user (time, type_id, book_id, user_id) values ('2020-06-19', 4, 24, 9);
insert into book2user (time, type_id, book_id, user_id) values ('2021-10-13', 2, 50, 3);
insert into book2user (time, type_id, book_id, user_id) values ('2021-05-07', 3, 33, 20);
insert into book2user (time, type_id, book_id, user_id) values ('2020-09-29', 1, 39, 10);
insert into book2user (time, type_id, book_id, user_id) values ('2022-03-02', 3, 6, 8);
insert into book2user (time, type_id, book_id, user_id) values ('2021-04-07', 2, 13, 12);
insert into book2user (time, type_id, book_id, user_id) values ('2021-01-09', 4, 47, 10);
insert into book2user (time, type_id, book_id, user_id) values ('2020-09-17', 3, 9, 17);
insert into book2user (time, type_id, book_id, user_id) values ('2020-09-04', 3, 31, 16);
insert into book2user (time, type_id, book_id, user_id) values ('2020-11-02', 4, 13, 17);
insert into book2user (time, type_id, book_id, user_id) values ('2021-08-18', 3, 12, 2);
insert into book2user (time, type_id, book_id, user_id) values ('2022-05-02', 4, 10, 14);
insert into book2user (time, type_id, book_id, user_id) values ('2021-10-02', 4, 51, 18);
insert into book2user (time, type_id, book_id, user_id) values ('2022-01-24', 3, 45, 1);
insert into book2user (time, type_id, book_id, user_id) values ('2021-11-27', 1, 10, 1);
insert into book2user (time, type_id, book_id, user_id) values ('2022-05-04', 1, 22, 13);
insert into book2user (time, type_id, book_id, user_id) values ('2020-05-26', 3, 17, 8);
insert into book2user (time, type_id, book_id, user_id) values ('2021-09-30', 4, 28, 4);
insert into book2user (time, type_id, book_id, user_id) values ('2021-07-29', 4, 18, 6);
insert into book2user (time, type_id, book_id, user_id) values ('2020-12-04', 1, 10, 9);
insert into book2user (time, type_id, book_id, user_id) values ('2021-11-08', 3, 23, 3);
insert into book2user (time, type_id, book_id, user_id) values ('2021-11-13', 3, 48, 9);
insert into book2user (time, type_id, book_id, user_id) values ('2021-10-24', 2, 16, 20);
insert into book2user (time, type_id, book_id, user_id) values ('2021-01-15', 2, 20, 8);
insert into book2user (time, type_id, book_id, user_id) values ('2020-09-10', 2, 44, 8);

insert into tags (id, name, slug) values (1, 'Криминал', 'crime');
insert into tags (id, name, slug) values (2, 'Драма', 'drama');
insert into tags (id, name, slug) values (3, 'Комедия', 'comedy');
insert into tags (id, name, slug) values (4, 'Детский', 'children');
insert into tags (id, name, slug) values (5, 'Ужасы', 'horror');
insert into tags (id, name, slug) values (6, 'Экшн', 'action');
insert into tags (id, name, slug) values (7, 'Документальный', 'documentary');
insert into tags (id, name, slug) values (8, 'Фантастика', 'sci-fi');
insert into tags (id, name, slug) values (9, 'Роман', 'romance');
insert into tags (id, name, slug) values (10, 'Триллер', 'thriller');
insert into tags (id, name, slug) values (11, 'Вестерн', 'western');
insert into tags (id, name, slug) values (12, 'Фильм-нуар', 'film-noir');
insert into tags (id, name, slug) values (13, 'Мюзикл', 'musical');
insert into tags (id, name, slug) values (14, 'Приключение', 'adventure');
insert into tags (id, name, slug) values (15, 'Фантазия', 'fantasy');
insert into tags (id, name, slug) values (16, 'Мультфильм', 'animation');
insert into tags (id, name, slug) values (17, 'Военный', 'war');

insert into book2tag (book_id, tag_id) values (1, 1);
insert into book2tag (book_id, tag_id) values (2, 1);
insert into book2tag (book_id, tag_id) values (4, 1);
insert into book2tag (book_id, tag_id) values (5, 1);
insert into book2tag (book_id, tag_id) values (6, 1);
insert into book2tag (book_id, tag_id) values (7, 1);
insert into book2tag (book_id, tag_id) values (8, 1);
insert into book2tag (book_id, tag_id) values (9, 1);
insert into book2tag (book_id, tag_id) values (11, 1);
insert into book2tag (book_id, tag_id) values (12, 1);
insert into book2tag (book_id, tag_id) values (13, 1);
insert into book2tag (book_id, tag_id) values (14, 1);
insert into book2tag (book_id, tag_id) values (16, 1);
insert into book2tag (book_id, tag_id) values (17, 1);
insert into book2tag (book_id, tag_id) values (18, 1);
insert into book2tag (book_id, tag_id) values (20, 1);
insert into book2tag (book_id, tag_id) values (21, 1);
insert into book2tag (book_id, tag_id) values (22, 1);
insert into book2tag (book_id, tag_id) values (24, 1);
insert into book2tag (book_id, tag_id) values (25, 1);
insert into book2tag (book_id, tag_id) values (26, 1);
insert into book2tag (book_id, tag_id) values (27, 1);
insert into book2tag (book_id, tag_id) values (30, 1);
insert into book2tag (book_id, tag_id) values (32, 1);
insert into book2tag (book_id, tag_id) values (33, 1);
insert into book2tag (book_id, tag_id) values (34, 1);
insert into book2tag (book_id, tag_id) values (35, 1);
insert into book2tag (book_id, tag_id) values (36, 1);
insert into book2tag (book_id, tag_id) values (37, 1);
insert into book2tag (book_id, tag_id) values (38, 1);
insert into book2tag (book_id, tag_id) values (39, 1);
insert into book2tag (book_id, tag_id) values (40, 1);
insert into book2tag (book_id, tag_id) values (41, 1);
insert into book2tag (book_id, tag_id) values (42, 1);
insert into book2tag (book_id, tag_id) values (43, 1);
insert into book2tag (book_id, tag_id) values (44, 1);
insert into book2tag (book_id, tag_id) values (47, 1);
insert into book2tag (book_id, tag_id) values (48, 1);
insert into book2tag (book_id, tag_id) values (49, 1);
insert into book2tag (book_id, tag_id) values (50, 1);
insert into book2tag (book_id, tag_id) values (51, 1);
insert into book2tag (book_id, tag_id) values (52, 1);
insert into book2tag (book_id, tag_id) values (1, 12);
insert into book2tag (book_id, tag_id) values (1, 17);
insert into book2tag (book_id, tag_id) values (1, 4);
insert into book2tag (book_id, tag_id) values (1, 6);
insert into book2tag (book_id, tag_id) values (10, 1);
insert into book2tag (book_id, tag_id) values (10, 5);
insert into book2tag (book_id, tag_id) values (10, 6);
insert into book2tag (book_id, tag_id) values (12, 6);
insert into book2tag (book_id, tag_id) values (12, 7);
insert into book2tag (book_id, tag_id) values (13, 14);
insert into book2tag (book_id, tag_id) values (13, 7);
insert into book2tag (book_id, tag_id) values (14, 12);
insert into book2tag (book_id, tag_id) values (14, 8);
insert into book2tag (book_id, tag_id) values (15, 1);
insert into book2tag (book_id, tag_id) values (15, 13);
insert into book2tag (book_id, tag_id) values (15, 15);
insert into book2tag (book_id, tag_id) values (15, 2);
insert into book2tag (book_id, tag_id) values (16, 11);
insert into book2tag (book_id, tag_id) values (16, 16);
insert into book2tag (book_id, tag_id) values (18, 4);
insert into book2tag (book_id, tag_id) values (18, 9);
insert into book2tag (book_id, tag_id) values (19, 1);
insert into book2tag (book_id, tag_id) values (19, 12);
insert into book2tag (book_id, tag_id) values (19, 7);
insert into book2tag (book_id, tag_id) values (2, 15);
insert into book2tag (book_id, tag_id) values (2, 2);
insert into book2tag (book_id, tag_id) values (2, 7);
insert into book2tag (book_id, tag_id) values (20, 12);
insert into book2tag (book_id, tag_id) values (20, 6);
insert into book2tag (book_id, tag_id) values (21, 14);
insert into book2tag (book_id, tag_id) values (21, 16);
insert into book2tag (book_id, tag_id) values (21, 3);
insert into book2tag (book_id, tag_id) values (22, 10);
insert into book2tag (book_id, tag_id) values (22, 17);
insert into book2tag (book_id, tag_id) values (22, 3);
insert into book2tag (book_id, tag_id) values (22, 9);
insert into book2tag (book_id, tag_id) values (23, 1);
insert into book2tag (book_id, tag_id) values (23, 6);
insert into book2tag (book_id, tag_id) values (25, 6);
insert into book2tag (book_id, tag_id) values (25, 9);
insert into book2tag (book_id, tag_id) values (26, 5);
insert into book2tag (book_id, tag_id) values (27, 14);
insert into book2tag (book_id, tag_id) values (28, 1);
insert into book2tag (book_id, tag_id) values (28, 3);
insert into book2tag (book_id, tag_id) values (29, 1);
insert into book2tag (book_id, tag_id) values (29, 10);
insert into book2tag (book_id, tag_id) values (29, 13);
insert into book2tag (book_id, tag_id) values (29, 15);
insert into book2tag (book_id, tag_id) values (3, 1);
insert into book2tag (book_id, tag_id) values (30, 3);
insert into book2tag (book_id, tag_id) values (30, 4);
insert into book2tag (book_id, tag_id) values (30, 9);
insert into book2tag (book_id, tag_id) values (31, 1);
insert into book2tag (book_id, tag_id) values (31, 3);
insert into book2tag (book_id, tag_id) values (32, 17);
insert into book2tag (book_id, tag_id) values (32, 7);
insert into book2tag (book_id, tag_id) values (33, 6);
insert into book2tag (book_id, tag_id) values (33, 7);
insert into book2tag (book_id, tag_id) values (33, 8);
insert into book2tag (book_id, tag_id) values (34, 17);
insert into book2tag (book_id, tag_id) values (35, 9);
insert into book2tag (book_id, tag_id) values (36, 13);
insert into book2tag (book_id, tag_id) values (37, 11);
insert into book2tag (book_id, tag_id) values (38, 11);
insert into book2tag (book_id, tag_id) values (38, 12);
insert into book2tag (book_id, tag_id) values (38, 15);
insert into book2tag (book_id, tag_id) values (38, 2);
insert into book2tag (book_id, tag_id) values (38, 3);
insert into book2tag (book_id, tag_id) values (39, 5);
insert into book2tag (book_id, tag_id) values (39, 7);
insert into book2tag (book_id, tag_id) values (4, 5);
insert into book2tag (book_id, tag_id) values (4, 6);
insert into book2tag (book_id, tag_id) values (40, 11);
insert into book2tag (book_id, tag_id) values (40, 6);
insert into book2tag (book_id, tag_id) values (41, 14);
insert into book2tag (book_id, tag_id) values (42, 8);
insert into book2tag (book_id, tag_id) values (43, 8);
insert into book2tag (book_id, tag_id) values (44, 4);
insert into book2tag (book_id, tag_id) values (45, 1);
insert into book2tag (book_id, tag_id) values (46, 1);
insert into book2tag (book_id, tag_id) values (47, 13);
insert into book2tag (book_id, tag_id) values (48, 13);
insert into book2tag (book_id, tag_id) values (48, 14);
insert into book2tag (book_id, tag_id) values (5, 5);
insert into book2tag (book_id, tag_id) values (51, 14);
insert into book2tag (book_id, tag_id) values (51, 17);
insert into book2tag (book_id, tag_id) values (51, 4);
insert into book2tag (book_id, tag_id) values (52, 3);
insert into book2tag (book_id, tag_id) values (52, 4);
insert into book2tag (book_id, tag_id) values (52, 9);
insert into book2tag (book_id, tag_id) values (6, 12);
insert into book2tag (book_id, tag_id) values (6, 13);
insert into book2tag (book_id, tag_id) values (7, 3);
insert into book2tag (book_id, tag_id) values (7, 8);
insert into book2tag (book_id, tag_id) values (9, 5);
insert into book2tag (book_id, tag_id) values (9, 7);
insert into book2tag (book_id, tag_id) values (9, 9);