insert into authors (id, photo, slug, name, description) values (1, 'https://dummyimage.com/476x715.png/5fa2dd/ffffff', 'lev_tolstoy', 'Лев Толстой', 'Лев Толстой');
insert into authors (id, photo, slug, name, description) values (2, 'https://dummyimage.com/476x715.png/5fa2dd/ffffff', 'fyodor_dostoevskiy', 'Федор Достаевский', 'Федор Достаевский');
insert into authors (id, photo, slug, name, description) values (3, 'https://dummyimage.com/476x715.png/5fa2dd/ffffff', 'mikhail_bulgakov', 'Михаил Булгаков', ' МихаилБулгаков');
insert into authors (id, photo, slug, name, description) values (4, 'https://dummyimage.com/476x715.png/5fa2dd/ffffff', 'nikolay_vasilevich_gogol', 'Николай Гоголь', 'Николай Гоголь');
insert into authors (id, photo, slug, name, description) values (5, 'https://dummyimage.com/476x715.png/5fa2dd/ffffff', 'aleksandr_pushkin', 'Александр Пушкин', 'Александр Пушкин');
insert into authors (id, photo, slug, name, description) values (6, 'https://dummyimage.com/476x715.png/5fa2dd/ffffff', 'ivan_sergeevich_turgenev', 'Иван Тургенев', 'Иван Тургенев');
insert into authors (id, photo, slug, name, description) values (7, 'https://dummyimage.com/476x715.png/5fa2dd/ffffff', 'anton_pavlovich_chekhov', 'Антон Чехов', 'Антон Чехов');
insert into authors (id, photo, slug, name, description) values (8, 'https://dummyimage.com/476x715.png/5fa2dd/ffffff', 'aleksandr_griboedov', 'Александр Грибоедов', 'Александр Грибоедов');
insert into authors (id, photo, slug, name, description) values (9, 'https://dummyimage.com/476x715.png/5fa2dd/ffffff', 'ilya_ilf', 'Илья Ильф', 'Илья Ильф');
insert into authors (id, photo, slug, name, description) values (10, 'https://dummyimage.com/476x715.png/5fa2dd/ffffff', 'evgeniy_petrov', 'Евгений Петров', 'Евгений Петров');
insert into authors (id, photo, slug, name, description) values (11, 'https://dummyimage.com/476x715.png/5fa2dd/ffffff', 'dzhoan_k_rouling', 'Джоан Роулинг', 'Джоан Роулинг');
insert into authors (id, photo, slug, name, description) values (12, 'https://dummyimage.com/476x715.png/5fa2dd/ffffff', 'dzhon_ronald_ruel_tolkin', 'Джон Рональд Руэл Толкин', 'Джон Рональд Руэл Толкин');
insert into authors (id, photo, slug, name, description) values (13, 'https://dummyimage.com/476x715.png/5fa2dd/ffffff', 'dzhordzh_oruell', 'Джордж Оруэлл', 'Джордж Оруэлл');
insert into authors (id, photo, slug, name, description) values (14, 'https://dummyimage.com/476x715.png/5fa2dd/ffffff', 'gregori_devid_roberts', 'Грегори Дэвид Робертс', 'Грегори Дэвид Робертс');
insert into authors (id, photo, slug, name, description) values (15, 'https://dummyimage.com/476x715.png/5fa2dd/ffffff', 'erikh_mariya_remark', 'Эрих Мария Ремарк', 'Эрих Мария Ремарк');
insert into authors (id, photo, slug, name, description) values (16, 'https://dummyimage.com/476x715.png/5fa2dd/ffffff', 'deniel_kiz', 'Дэниел Киз', 'Дэниел Киз');
insert into authors (id, photo, slug, name, description) values (17, 'https://dummyimage.com/476x715.png/5fa2dd/ffffff', 'oskar_uayld', 'Оскар Уайльд', 'Оскар Уайльд');
insert into authors (id, photo, slug, name, description) values (18, 'https://dummyimage.com/476x715.png/5fa2dd/ffffff', 'antuan_de_sent_ekzyuperi', 'Антуан де Сент-Экзюпери', 'Антуан де Сент-Экзюпери');
insert into authors (id, photo, slug, name, description) values (19, 'https://dummyimage.com/476x715.png/5fa2dd/ffffff', 'dzherom_d_selindzher', 'Джером Д. Сэлинджер', 'Джером Д. Сэлинджер');
insert into authors (id, photo, slug, name, description) values (20, 'https://dummyimage.com/476x715.png/5fa2dd/ffffff', 'rey_bredberi', 'Рэй Брэдбери', 'Рэй Брэдбери — американский писатель. Рэй Дуглас Брэдбери родом из городка Уокиган, штат Иллинойс. Он появился на свет в августе 1920 года. По отцу у автора английские корни, а по матери — шведские. В семье появилось ещё трое детей, однако пережил младенчество лишь его брат Леонард. Раннее знакомство со смертью оставило глубокий след в душе Брэдбери, что нашло отражение в его творчестве. В доме любили искусство, особенно новую диковинку века — кинематограф. Великая депрессия привела родителей Брэдбери на заработки в Лос-Анджелес. После школы парень начал зарабатывать, продавая газеты. Семья не могла дать денег сыновьям на колледж, потому Рэй так и не получил высшего образования. Он сам занялся своим просвещением, посещая библиотеки. Так он познакомился с трудами Достоевского, чьё творчество, по мнению американца, сильно на него повлияло. Брэдбери с 12 лет мечтал писать. Тогда он попробовал сочинить продолжение «Великого воина Марса» Берроуза. Через 5 лет юноша стал членом американского сообщества молодых авторов — «Лиги научных фантастов» Лос-Анджелеса. Рэй писал рассказы, выходившие в дешёвых литературных журналах. Зарабатывать только творчеством было тяжело, но он не сдавался. В 1947-ом вышел первый сборник его рассказов «Тёмный карнавал», встреченный, увы, прохладно. В 1949 году молодой человек перебрался из провинции в Нью-Йорк. Он предложил свои произведения двенадцати издательствам, но везде получил отказ. Лишь одно из них заинтересовалось его текстами. Автору выдвинули условие: для публикации его рассказы должны быть объединены в роман. За ночь Рэй набросал концепцию будущего произведения в виде эссе, содержащее первые наброски будущих «Марсианских хроник». После выхода в свет они в корне изменили представление о жанре научной фантастики. Эту работу её создатель считал лучшей у себя. Всемирная известность настигла автора в 1953-ем после публикации романа «451 градус по Фаренгейту». Впервые он вышел частями в журнале Playboy, который только начал набирать популярность. Главный герой романа Гай Монтэг живёт в тоталитарном обществе потребления. Он работает пожарным, чья задача сжигать книги. Гай считает, что дело пожарных правое и нужное. После встречи с загадочной девушкой его взгляды меняются. Роман долгое время издавался с серьёзными поправками из-за жёсткой цензуры издательства. Однако в 1980-ом Брэдбери удалось отвоевать каждый выкинутый кусок своего детища. В будущем текст «451 градус по Фаренгейту» выходил без сокращений. Автора окрестили «мэтром фантастики». Правда, он никогда не ограничивался рамками этого жанра. Так в 1957-ом мир увидел «Вино из одуванчиков» — отчасти биографическую повесть Рэя. В центре сюжета живущие в маленьком городке братья Том и Дуглас Сполдинги (их фамилия — второе имя отца Брэдбери). Дуглас — альтер-эго самого писателя в детстве. Изначально рукопись тянула на полноценный роман, однако издатель потребовал разделить её на две части. «Лето, прощай!», вторая половинка той истории, вышла спустя полвека. Это произведение стало последней прижизненной публикацией Брэдбери. Самое передаваемое произведение фантаста — «И грянул гром», в основе которого лежит «теория хаоса», более известная под названием «эффект бабочки». Он о том, что равновесие в природе хрупко. Сюжет рассказа послужил основой для нескольких фильмов и сериалов. Творческая деятельность Рэя также распространялась на кино и театр. Он писал сценарии, был автором и ведущим нескольких телепередач. Писатель не раз получал награды в области фантастической литературы, в том числе премии «Небьюла» и «Хьюго», Американской академии и Пулитцеровской премии. Со своей единственной супругой Маргарет Маклюр Рэй познакомился в сентябре 1947 года в книжном магазине, где девушка работала продавцом. Первые годы брака она тянула всю семью, ведь Брэдбери не удавалось хорошо заработать творчеством. Он ласково назвал супругу Мэгги и прожил с ней вместе вплоть до её смерти в 2003-ем. Именно Маргаретт автор посвятил «Марсианские хроники». У супругов было четверо дочерей — Сьюзен, Рамона, Александра и Беттина. Жизнь Рэя была полностью посвящена литературе до самых последних дней. Его утро неизменно начиналось за рабочим столом. Фантаст верил, что творчество продлевает ему жизнь. После инсульта в 1999 году Брэдбери уже не вставал с инвалидного кресла. Знаменитый фантаст умер на 91 году жизни 5 июня 2012-го в Лос-Анджелесе.');
insert into authors (id, photo, slug, name, description) values (21, 'https://dummyimage.com/476x715.png/5fa2dd/ffffff', 'rend_ayn', 'Рэнд Айн', 'Рэнд Айн');
insert into authors (id, photo, slug, name, description) values (22, 'https://dummyimage.com/476x715.png/5fa2dd/ffffff', 'kharper_li', 'Харпер Ли', 'Харпер Ли');
insert into authors (id, photo, slug, name, description) values (23, 'https://dummyimage.com/476x715.png/5fa2dd/ffffff', 'gabriel_garsia_markes', 'Габриэль Гарсиа Маркес', 'Габриэль Гарсиа Маркес');
insert into authors (id, photo, slug, name, description) values (24, 'https://dummyimage.com/476x715.png/5fa2dd/ffffff', 'ernest_kheminguey', 'Эрнест Хемингуэй', 'Эрнест Хемингуэй');
insert into authors (id, photo, slug, name, description) values (25, 'https://dummyimage.com/476x715.png/5fa2dd/ffffff', 'aleksandr_dyuma', 'Александр Дюма', 'Александр Дюма');
insert into authors (id, photo, slug, name, description) values (26, 'https://dummyimage.com/476x715.png/5fa2dd/ffffff', 'frensis_skott_fitsdzherald', 'Фрэнсис Скотт Фицджеральд', 'Фрэнсис Скотт Фицджеральд');
insert into authors (id, photo, slug, name, description) values (27, 'https://dummyimage.com/476x715.png/5fa2dd/ffffff', 'dzheyn_ostin', 'Джейн Остин', 'Джейн Остин');
insert into authors (id, photo, slug, name, description) values (28, 'https://dummyimage.com/476x715.png/5fa2dd/ffffff', 'chak_palanik', 'Чак Паланик', 'Чак Паланик');
insert into authors (id, photo, slug, name, description) values (29, 'https://dummyimage.com/476x715.png/5fa2dd/ffffff', 'markus_zusak', 'Маркус Зусак', 'Маркус Зусак');
insert into authors (id, photo, slug, name, description) values (30, 'https://dummyimage.com/476x715.png/5fa2dd/ffffff', 'stiven_king', 'Стивен Кинг', 'Стивен Кинг');
insert into authors (id, photo, slug, name, description) values (31, 'https://dummyimage.com/476x715.png/5fa2dd/ffffff', 'oldos_khaksli', 'Олдос Хаксли', 'Олдос Хаксли');
insert into authors (id, photo, slug, name, description) values (32, 'https://dummyimage.com/476x715.png/5fa2dd/ffffff', 'mikhail_lermontov', 'Михаил Лермонтов', 'Михаил Лермонтов');
insert into authors (id, photo, slug, name, description) values (33, 'https://dummyimage.com/476x715.png/5fa2dd/ffffff', 'endi_veyer', 'Энди Вейер', 'Энди Вейер');
insert into authors (id, photo, slug, name, description) values (34, 'https://dummyimage.com/476x715.png/5fa2dd/ffffff', 'margaret_mitchell', 'Маргарет Митчелл', 'Маргарет Митчелл');
insert into authors (id, photo, slug, name, description) values (35, 'https://dummyimage.com/476x715.png/5fa2dd/ffffff', 'mariam_petrosyan', 'Мариам Петросян', 'Мариам Петросян');
insert into authors (id, photo, slug, name, description) values (36, 'https://dummyimage.com/476x715.png/5fa2dd/ffffff', 'arkadiy_strugatskiy', 'Аркадий Стругацкий', 'Аркадий Стругацкий');
insert into authors (id, photo, slug, name, description) values (37, 'https://dummyimage.com/476x715.png/5fa2dd/ffffff', 'boris_strugatskiy', 'Борис Стругацкий', 'Борис Стругацкий');
insert into authors (id, photo, slug, name, description) values (38, 'https://dummyimage.com/476x715.png/5fa2dd/ffffff', 'paulo_koelo', 'Пауло Коэльо', 'Пауло Коэльо');
insert into authors (id, photo, slug, name, description) values (39, 'https://dummyimage.com/476x715.png/5fa2dd/ffffff', 'dzhordzh_r_r_martin', 'Джордж Р. Р. Мартин', 'Джордж Р. Р. Мартин');
insert into authors (id, photo, slug, name, description) values (40, 'https://dummyimage.com/476x715.png/5fa2dd/ffffff', 'yanush_vishnevskiy', 'Януш Вишневский', 'Януш Вишневский');

insert into books (id, pub_date, is_bestseller, slug, title, image, description, price, discount) values (1, '2010-02-02', 0, 'anna-karenina', 'Анна Каренина', 'https://dummyimage.com/476x715.png/5fa2dd/ffffff', 'Анна Каренина', 500, 0.25);
insert into books (id, pub_date, is_bestseller, slug, title, image, description, price, discount) values (2, '2011-03-02', 1, 'prestuplenie-i-nakazanie', 'Преступление и наказание', 'https://dummyimage.com/735x470.png/ff4444/ffffff', 'Преступление и наказание', 400, 0.50);
insert into books (id, pub_date, is_bestseller, slug, title, image, description, price) values (3, '2012-04-02', 0, 'voyna-i-mir', 'Война и мир', 'https://dummyimage.com/683x577.png/dddddd/000000', 'Война и мир', 300);
insert into books (id, pub_date, is_bestseller, slug, title, image, description, price, discount) values (4, '2013-05-02', 1, 'idiot', 'Идиот', 'https://dummyimage.com/751x457.png/ff4444/ffffff', 'Идиот', 350, 0.50);
insert into books (id, pub_date, is_bestseller, slug, title, image, description, price) values (5, '2014-06-02', 0, 'master-i-margarita', 'Мастер и Маргарита', 'https://dummyimage.com/414x638.png/dddddd/000000', 'Мастер и Маргарита', 270);
insert into books (id, pub_date, is_bestseller, slug, title, image, description, price, discount) values (6, '2015-07-02', 1, 'myortvye-dushi', 'Мёртвые души', 'https://dummyimage.com/476x715.png/5fa2dd/ffffff', 'Мёртвые души', 700, 0.10);
insert into books (id, pub_date, is_bestseller, slug, title, image, description, price, discount) values (7, '2016-08-02', 0, 'sobache-serdtse', 'Собачье сердце', 'https://dummyimage.com/476x715.png/5fa2dd/ffffff', 'Собачье сердце', 800, 0.25);
insert into books (id, pub_date, is_bestseller, slug, title, image, description, price, discount) values (8, '2017-09-02', 1, 'evgeniy-onegin', 'Евгений Онегин', 'https://dummyimage.com/476x715.png/5fa2dd/ffffff', 'Евгений Онегин', 900, 0.25);
insert into books (id, pub_date, is_bestseller, slug, title, image, description, price, discount) values (9, '2018-10-02', 0, 'fathers-and-sons', 'Отцы и дети', 'https://dummyimage.com/476x715.png/5fa2dd/ffffff', 'Отцы и дети', 460, 0.25);
insert into books (id, pub_date, is_bestseller, slug, title, image, description, price) values (10, '2019-11-02', 1, 'tales-of-belkin', 'Повести Белкина', 'https://dummyimage.com/476x715.png/5fa2dd/ffffff', 'Повести Белкина', 320);
insert into books (id, pub_date, is_bestseller, slug, title, image, description, price, discount) values (11, '2020-12-02', 0, 'stories', 'Рассказы', 'https://dummyimage.com/476x715.png/5fa2dd/ffffff', 'Рассказы', 400, 0.25);
insert into books (id, pub_date, is_bestseller, slug, title, image, description, price) values (12, '2021-01-03', 1, 'woe-from-wit', 'Горе от ума', 'https://dummyimage.com/476x715.png/5fa2dd/ffffff', 'Горе от ума', 720);
insert into books (id, pub_date, is_bestseller, slug, title, image, description, price) values (13, '2022-02-03', 0, 'one-story-america', 'Одноэтажная Америка', 'https://dummyimage.com/476x715.png/5fa2dd/ffffff', 'Одноэтажная Америка', 500);
insert into books (id, pub_date, is_bestseller, slug, title, image, description, price) values (14, '2011-04-03', 0, 'garri-potter-i-uznik-azkabana', 'Гарри Поттер и узник Азкабана', 'https://dummyimage.com/476x715.png/5fa2dd/ffffff', 'Гарри Поттер и узник Азкабана', 500);
insert into books (id, pub_date, is_bestseller, slug, title, image, description, price) values (15, '2012-05-04', 0, '451-po-farengeytu', '451° по Фаренгейту', 'https://dummyimage.com/476x715.png/5fa2dd/ffffff', '451° по Фаренгейту', 500);
insert into books (id, pub_date, is_bestseller, slug, title, image, description, price) values (16, '2013-06-05', 1, '1984', '1984', 'https://dummyimage.com/476x715.png/5fa2dd/ffffff', '1984', 500);
insert into books (id, pub_date, is_bestseller, slug, title, image, description, price) values (17, '2014-07-06', 0, 'shantaram', 'Шантарам', 'https://dummyimage.com/476x715.png/5fa2dd/ffffff', 'Шантарам', 500);
insert into books (id, pub_date, is_bestseller, slug, title, image, description, price) values (18, '2015-08-07', 0, 'tri-tovarishcha', 'Три товарища', 'https://dummyimage.com/476x715.png/5fa2dd/ffffff', 'Три товарища', 500);
insert into books (id, pub_date, is_bestseller, slug, title, image, description, price) values (19, '2016-09-08', 0, 'tsvety-dlya-eldzhernona', 'Цветы для Элджернона', 'https://dummyimage.com/476x715.png/5fa2dd/ffffff', 'Цветы для Элджернона', 500);
insert into books (id, pub_date, is_bestseller, slug, title, image, description, price) values (20, '2017-10-03', 1, 'portret-doriana-greya', 'Портрет Дориана Грея', 'https://dummyimage.com/476x715.png/5fa2dd/ffffff', 'Портрет Дориана Грея', 500);
insert into books (id, pub_date, is_bestseller, slug, title, image, description, price) values (21, '2018-11-03', 0, 'malenkiy-prints', 'Маленький принц', 'https://dummyimage.com/476x715.png/5fa2dd/ffffff', 'Маленький принц', 500);
insert into books (id, pub_date, is_bestseller, slug, title, image, description, price) values (22, '2019-12-03', 1, 'nad-propastyu-vo-rzhi', 'Над пропастью во ржи', 'https://dummyimage.com/476x715.png/5fa2dd/ffffff', 'Над пропастью во ржи', 500);
insert into books (id, pub_date, is_bestseller, slug, title, image, description, price) values (23, '2020-01-11', 1, 'vino-iz-oduvanchikov', 'Вино из одуванчиков', 'https://dummyimage.com/476x715.png/5fa2dd/ffffff', 'Вино из одуванчиков', 500);
insert into books (id, pub_date, is_bestseller, slug, title, image, description, price) values (24, '2021-02-12', 1, 'atlant-raspravil-plechi', 'Атлант расправил плечи', 'https://dummyimage.com/476x715.png/5fa2dd/ffffff', 'Атлант расправил плечи', 500);
insert into books (id, pub_date, is_bestseller, slug, title, image, description, price) values (25, '2011-03-13', 1, 'ubit-peresmeshnika', 'Убить пересмешника', 'https://dummyimage.com/476x715.png/5fa2dd/ffffff', 'Убить пересмешника', 500);
insert into books (id, pub_date, is_bestseller, slug, title, image, description, price) values (26, '2010-04-14', 1, 'sto-let-odinochestva', 'Сто лет одиночества', 'https://dummyimage.com/476x715.png/5fa2dd/ffffff', 'Сто лет одиночества', 500);
insert into books (id, pub_date, is_bestseller, slug, title, image, description, price) values (27, '2012-05-12', 1, 'dvenadtsat-stulev', 'Двенадцать стульев', 'https://dummyimage.com/476x715.png/5fa2dd/ffffff', 'Двенадцать стульев', 500);
insert into books (id, pub_date, is_bestseller, slug, title, image, description, price) values (28, '2013-06-12', 0, 'triumfalnaya-arka', 'Триумфальная арка', 'https://dummyimage.com/476x715.png/5fa2dd/ffffff', 'Триумфальная арка', 500);
insert into books (id, pub_date, is_bestseller, slug, title, image, description, price) values (29, '2014-07-12', 0, 'graf-monte-kristo', 'Граф Монте-Кристо', 'https://dummyimage.com/476x715.png/5fa2dd/ffffff', 'Граф Монте-Кристо', 500);
insert into books (id, pub_date, is_bestseller, slug, title, image, description, price) values (30, '2015-08-12', 1, 'velikiy-getsbi', 'Великий Гэтсби', 'https://dummyimage.com/476x715.png/5fa2dd/ffffff', 'Великий Гэтсби', 500);
insert into books (id, pub_date, is_bestseller, slug, title, image, description, price) values (31, '2016-09-12', 1, 'garri-potter-i-filosofskiy-kamen', 'Гарри Поттер и философский камень', 'https://dummyimage.com/476x715.png/5fa2dd/ffffff', 'Гарри Поттер и философский камень', 500);
insert into books (id, pub_date, is_bestseller, slug, title, image, description, price) values (32, '2017-10-12', 0, 'zhizn-vzaymy', 'Жизнь взаймы', 'https://dummyimage.com/476x715.png/5fa2dd/ffffff', 'Жизнь взаймы', 500);
insert into books (id, pub_date, is_bestseller, slug, title, image, description, price) values (33, '2018-11-12', 0, 'gordost-i-predubezhdenie', 'Гордость и предубеждение', 'https://dummyimage.com/476x715.png/5fa2dd/ffffff', 'Гордость и предубеждение', 500);
insert into books (id, pub_date, is_bestseller, slug, title, image, description, price) values (34, '2019-12-12', 0, 'boytsovskiy-klub', 'Бойцовский клуб', 'https://dummyimage.com/476x715.png/5fa2dd/ffffff', 'Бойцовский клуб', 500);
insert into books (id, pub_date, is_bestseller, slug, title, image, description, price) values (35, '2020-01-12', 0, 'knizhnyy-vor', 'Книжный вор', 'https://dummyimage.com/476x715.png/5fa2dd/ffffff', 'Книжный вор', 500);
insert into books (id, pub_date, is_bestseller, slug, title, image, description, price) values (36, '2021-02-13', 1, 'zelyonaya-milya', 'Зелёная миля', 'https://dummyimage.com/476x715.png/5fa2dd/ffffff', 'Зелёная миля', 500);
insert into books (id, pub_date, is_bestseller, slug, title, image, description, price) values (37, '2011-03-13', 1, 'o-divnyy-novyy-mir', 'О дивный новый мир', 'https://dummyimage.com/476x715.png/5fa2dd/ffffff', 'О дивный новый мир', 500);
insert into books (id, pub_date, is_bestseller, slug, title, image, description, price) values (38, '2010-04-13', 0, 'geroy-nashego-vremeni', 'Герой нашего времени', 'https://dummyimage.com/476x715.png/5fa2dd/ffffff', 'Герой нашего времени', 500);
insert into books (id, pub_date, is_bestseller, slug, title, image, description, price) values (39, '2012-05-13', 0, 'marsianin', 'Марсианин', 'https://dummyimage.com/476x715.png/5fa2dd/ffffff', 'Марсианин', 500);
insert into books (id, pub_date, is_bestseller, slug, title, image, description, price) values (40, '2013-06-13', 0, 'bratya-karamazovy', 'Братья Карамазовы', 'https://dummyimage.com/476x715.png/5fa2dd/ffffff', 'Братья Карамазовы', 500);
insert into books (id, pub_date, is_bestseller, slug, title, image, description, price) values (41, '2014-07-13', 1, 'unesyonnye-vetrom', 'Унесённые ветром', 'https://dummyimage.com/476x715.png/5fa2dd/ffffff', 'Унесённые ветром', 500);
insert into books (id, pub_date, is_bestseller, slug, title, image, description, price) values (42, '2015-08-13', 1, 'dom-v-kotorom', 'Дом, в котором…', 'https://dummyimage.com/476x715.png/5fa2dd/ffffff', 'Дом, в котором…', 500);
insert into books (id, pub_date, is_bestseller, slug, title, image, description, price) values (43, '2016-09-13', 1, 'garri-potter-i-orden-feniksa', 'Гарри Поттер и орден Феникса', 'https://dummyimage.com/476x715.png/5fa2dd/ffffff', 'Гарри Поттер и орден Феникса', 500);
insert into books (id, pub_date, is_bestseller, slug, title, image, description, price) values (44, '2017-10-13', 1, 'ponedelnik-nachinaetsya-v-subbotu', 'Понедельник начинается в субботу', 'https://dummyimage.com/476x715.png/5fa2dd/ffffff', 'Понедельник начинается в субботу', 500);
insert into books (id, pub_date, is_bestseller, slug, title, image, description, price) values (45, '2018-11-13', 1, 'alkhimik', 'Алхимик', 'https://dummyimage.com/476x715.png/5fa2dd/ffffff', 'Алхимик', 500);
insert into books (id, pub_date, is_bestseller, slug, title, image, description, price) values (46, '2019-12-13', 1, 'besy', 'Бесы', 'https://dummyimage.com/476x715.png/5fa2dd/ffffff', 'Бесы', 500);
insert into books (id, pub_date, is_bestseller, slug, title, image, description, price) values (47, '2020-01-14', 1, 'garri-potter-i-taynaya-komnata', 'Гарри Поттер и тайная комната', 'https://dummyimage.com/476x715.png/5fa2dd/ffffff', 'Гарри Поттер и тайная комната', 500);
insert into books (id, pub_date, is_bestseller, slug, title, image, description, price) values (48, '2021-02-15', 1, 'igra-prestolov', 'Игра престолов', 'https://dummyimage.com/476x715.png/5fa2dd/ffffff', 'Игра престолов', 500);
insert into books (id, pub_date, is_bestseller, slug, title, image, description, price) values (49, '2022-03-15', 1, 'garri-potter-i-kubok-ognya', 'Гарри Поттер и Кубок огня', 'https://dummyimage.com/476x715.png/5fa2dd/ffffff', 'Гарри Поттер и Кубок огня', 500);
insert into books (id, pub_date, is_bestseller, slug, title, image, description, price) values (50, '2010-04-15', 1, 'starik-i-more', 'Старик и море', 'https://dummyimage.com/476x715.png/5fa2dd/ffffff', 'Старик и море', 500);
insert into books (id, pub_date, is_bestseller, slug, title, image, description, price) values (51, '2011-05-15', 0, 'vlastelin-kolets', 'Властелин колец', 'https://dummyimage.com/476x715.png/5fa2dd/ffffff', 'Властелин колец', 500);
insert into books (id, pub_date, is_bestseller, slug, title, image, description, price) values (52, '2012-06-15', 1, 'odinochestvo-v-seti', 'Одиночество в Сети', 'https://dummyimage.com/476x715.png/5fa2dd/ffffff', 'Одиночество в Сети', 800);
insert into books (id, pub_date, is_bestseller, slug, title, image, description, price) values (53, '2020-07-11', 1, 'marsianskie-khroniki', 'Марсианские хроники', 'https://dummyimage.com/476x715.png/5fa2dd/ffffff', 'лл', 500);
insert into books (id, pub_date, is_bestseller, slug, title, image, description, price) values (54, '2021-09-12', 1, 'kanun-vsekh-svyatykh', 'Канун Всех Святых', 'https://dummyimage.com/476x715.png/5fa2dd/ffffff', 'Такого дерева вы не видели никогда в жизни. Оно достигает вершиной небес, и растут на нем тыквы всех форм, размеров и цветов. Возле этого дерева вы встречаете странного господина по имени мистер Смерч, и он увлекает вас в чудесное путешествие, из которого вы вернетесь совсем другим человеком – если вернетесь…', 500);
insert into books (id, pub_date, is_bestseller, slug, title, image, description, price) values (55, '2018-10-13', 1, 'smert-delo-odinokoe', 'Смерть – дело одинокое', 'https://dummyimage.com/476x715.png/5fa2dd/ffffff', '1949 год. Венеция, штат Калифорния. "Американские горки" разобраны на металлолом. Кинотеатр на пирсе пуст и заколочен. В львиной клетке, затопленной в канале, находят мертвое тело. Первое из многих... Все склонны считать, что никакой связи между смертями нет. Кроме детектива Элмо Крамли и странного молодого человека, целыми днями просиживающего за пишущей машинкой и рассылающего свои рассказы в журналы "Черная маска", "Сверхъестественные истории", "Мадмуазель". Роман Брэдбери, написанный через двадцать с лишним лет после "Надвигается беда", удивил всех. "Смерть - дело одинокое" - это дань памяти "крутым" детективам Р.Чандлера и Д.Хэммета и классическому голливудскому нуару.', 500);
insert into books (id, pub_date, is_bestseller, slug, title, image, description, price) values (56, '2015-11-14', 1, 'kladbishche-dlya-bezumtsev-eshche-odna-povest-o-dvukh-gorodakh', 'Кладбище для безумцев. Еще одна повесть о двух городах', 'https://dummyimage.com/476x715.png/5fa2dd/ffffff', '«Кладбище для безумцев: Еще одна повесть о двух городах» – второй роман в условной трилогии, к которой также относятся «Смерть – дело одинокое» и «Давайте все убьем Констанцию». Снова действие происходит в Голливуде, снова ближайшей жанровой аналогией – хотя отнюдь не исчерпывающей – будет детектив-нуар. Ровно в полночь во время хеллоуинской вечеринки на примыкающем к легендарной студии легендарном кладбище главный герой (писатель-фантаст и сценарист, альтер эго самого Брэдбери) видит студийного магната, погибшего в такую же ночь Хеллоуина двадцать лет назад. Отыскать выход из лабиринта смертей, реальных и мнимых, герою помогают надменный австрийско-китайский режиссер с неизменным моноклем и бальзамировщик мумии Ленина, иисусоподобный забулдыга по имени Иисус Христос и лучший в мире аниматор динозавров.', 500);
insert into books (id, pub_date, is_bestseller, slug, title, image, description, price) values (57, '2011-12-15', 1, 'zelenye-teni-belyy-kit', 'Зеленые тени, Белый Кит', 'https://dummyimage.com/476x715.png/5fa2dd/ffffff', 'Этой во многом автобиографичной книги могло бы не существовать, если бы известный голливудский режиссер Джон Хьюстон в 1953 году не предложил Рэю Брэдбери приехать в Ирландию и написать сценарий к экранизации «Моби Дика». С тех пор «Изумрудный остров» стал одной из любимых «этнических» тем Брэдбери: именно ему он посвятил множество своих великолепных рассказов. Роман «Зеленые тени, Белый Кит» – это запоздалое признание в любви людям, стране и народу, с которыми его свела судьба много лет назад.', 500);
insert into books (id, pub_date, is_bestseller, slug, title, image, description, price) values (58, '2020-01-16', 1, 'iz-prakha-vosstavshie', 'Из праха восставшие', 'https://dummyimage.com/476x715.png/5fa2dd/ffffff', 'Роман, писавшийся более полувека - с 1945 года до 2000-го - от одной символической даты до другой. Роман, развившийся из рассказов "Апрельское колдовство", "Дядюшка Эйнар" и "Странница", на которых выросло не одно поколение советских, а потом и российских читателей. Роман, у истоков которого стоял знаменитый художник Чарли Аддамс - творец "Семейки Аддамсов". И семейка Эллиотов, героев "Из праха восставших", ничуть не уступает Аддамсам. В предлагаемой вашему вниманию семейной хронике переплетаются истории графа Дракулы и египетской мумии, мыши, прошедшей полмира, и призрака "Восточного экспресса", четырех развоплощенных кузенов и Фивейского голоса...', 500);
insert into books (id, pub_date, is_bestseller, slug, title, image, description, price) values (59, '2016-02-17', 1, 'davayte-vse-ubem-konstantsiyu', 'Давайте все убьем Констанцию', 'https://dummyimage.com/476x715.png/5fa2dd/ffffff', 'Знаменитая киноактриса Констанция Раттиган получает пренеприятную посылку: записную книжку с телефонами давно умерших. Есть, чему пугаться, ведь имена немногих оставшихся в живых помечены жирным крестом, в том числе и фамилия самой Констанции. Чтобы спасти ее и раскрыть загадку последовавшей за этим цепочки смертей, потрясших Голливуд воспоминаний и Голливуд современности, героям нового романа Брэдбери (уже знакомым читателю по произведению "Смерть - дело одинокое") придется Констанцию убить. Причем всем вместе.', 500);
insert into books (id, pub_date, is_bestseller, slug, title, image, description, price) values (60, '2018-03-18', 1, 'leto-proshchay', 'Лето, прощай', 'https://dummyimage.com/476x715.png/5fa2dd/ffffff', 'Все прекрасно знают "Вино из одуванчиков" - классическое произведение Рэя Брэдбери, вошедшее в золотой фонд мировой литературы. А его продолжение пришлось ждать полвека! Свое начало роман "Лето, прощай" берет в том же 1957 году, когда представленное в издательство "Вино из одуванчиков" показалось редактору слишком длинным и тот попросил Брэдбери убрать заключительную часть. Пятьдесят лет этот "хвост" жил своей жизнью, развивался и переписывался, пока не вырос в полноценный роман, который вы держите в руках.', 500);
insert into books (id, pub_date, is_bestseller, slug, title, image, description, price) values (61, '2011-04-19', 1, 'led-i-plamya', 'Лед и пламя', 'https://dummyimage.com/476x715.png/5fa2dd/ffffff', '`...Даже выбираясь за границы навечно облюбованной Калифорнии, этот чудак пользовался исключительно велосипедом - никаких автомобилей или самолетов. Где еще вы найдете такого фантаста?..` Курт Воннегут Опубликовав свой первый рассказ в середине 1940 - х, уже через пять лет Рэй Дуглас Брэдбери получил славу живого классика американской литературы. Его смешные и мудрые сказки на протяжении полувека ни на день не покидали строчек книжных хит - парадов планеты. В 2000 году Брэдбери исполнилось восемьдесят. В данный том юбилейного собрания сочинений вошел `любимый роман братьев Стругацких` `Марсианские хроники` и лучшие из рассказов писателя.', 500);
insert into books (id, pub_date, is_bestseller, slug, title, image, description, price) values (62, '2013-05-20', 1, 'revun', 'Ревун', 'https://dummyimage.com/476x715.png/5fa2dd/ffffff', '«Среди холодных волн, вдали от суши, мы каждый вечер ждали, когда приползет туман. Он приползал, и мы – Макдан и я – смазывали латунные подшипники и включали фонарь на верху каменной башни. Макдан и я, две птицы в сумрачном небе… Красный луч… белый… снова красный искал в тумане одинокие суда. А не увидят луча, так ведь у нас есть еще Голос – могучий низкий голос нашего Ревуна; он рвался, громогласный, сквозь лохмотья тумана, и перепуганные чайки разлетались, будто подброшенные игральные карты, а волны дыбились, шипя пеной…»', 500);
insert into books (id, pub_date, is_bestseller, slug, title, image, description, price) values (63, '2014-06-10', 1, 'chikagskaya-bezdna', 'Чикагская бездна', 'https://dummyimage.com/476x715.png/5fa2dd/ffffff', 'В сборник избранных произведений Рэя Дугласа Брэдбери вошел философско-приключенческий роман "Надвигается беда" и отмеченные колоритом новеллы, большинство которых публикуется на русском языке впервые.', 500);
insert into books (id, pub_date, is_bestseller, slug, title, image, description, price) values (64, '2015-07-21', 1, 'temnyy-karnaval-sbornik', 'Темный карнавал (сборник)', 'https://dummyimage.com/476x715.png/5fa2dd/ffffff', 'Настоящая книга поистине уникальна – это самый первый сборник Брэдбери, с тех пор фактически не переиздававшийся, не доступный больше нигде в мире и ни на каком языке вот уже 60 лет! Отдельные рассказы из «Темного карнавала» (в том числе такие классические, как «Странница» и «Крошка-убийца», «Коса» и «Дядюшка Эйнар») перерабатывались и включались в более поздние сборники, однако переиздавать свой дебют в исходном виде Брэдбери категорически отказывался. Переубедить мэтра удалось ровно дважды: в 2001 году он согласился на коллекционное переиздание крошечным тиражом (снабженное несколькими предисловиями, авторским вводным комментарием к каждому рассказу и послесловием Клайва Баркера), немедленно также ставшее библиографической редкостью, а в 2008-м – на российское издание.', 500);
insert into books (id, pub_date, is_bestseller, slug, title, image, description, price) values (65, '2016-08-22', 1, 'chelovek-v-kartinkakh', 'Человек в картинках', 'https://dummyimage.com/476x715.png/5fa2dd/ffffff', 'ЧЕЛОВЕК В КАРТИНКАХ - второй сборник рассказов Рэя Брэдбери, опубликованный в 1951 году. В сборник вошли рассказы, написанные автором в 1946-1951 годах. В книге собраны лучшие образцы философской фантастики, надолго ставшие визитной карточкой писателя. Предлагаем вниманию читателей неадаптированный английский текст рассказов, снабженный комментариями и словарем.', 500);
insert into books (id, pub_date, is_bestseller, slug, title, image, description, price) values (66, '2017-09-23', 1, 'zolotye-yabloki-solntsa', 'Золотые яблоки Солнца', 'https://dummyimage.com/476x715.png/5fa2dd/ffffff', 'Мечты у всех разные. Кто-то хочет снять самый великий фильм всех времен и народов. Кому-то позарез нужно подстрелить тиранозавра, пусть даже ценой гибели цивилизации. А кто-то жаждет откусить кусочек от золотого яблока Солнца, но при этом не обжечься. И так заманчиво отбросить суету повседневности и пуститься в путь за своей мечтой.', 500);
insert into books (id, pub_date, is_bestseller, slug, title, image, description, price) values (67, '2018-10-24', 1, 'oktyabrskaya-strana', 'Октябрьская страна', 'https://dummyimage.com/476x715.png/5fa2dd/ffffff', 'Еще девятнадцать историй от великою мастера. В предисловии к сборнику Рэй Брэдбери немного приоткрывает дверь на свою писательскую кухню. Загляните в щелочку - и узнаете верный рецепт, как написать гениальный рассказ о старушке, которая не пожелала умирать, или о странном постояльце со второго этажа, предпочитавшем работать по ночам. Правда, для этого для начала нужно родиться всего лишь Рэем Брэдбери.', 500);
insert into books (id, pub_date, is_bestseller, slug, title, image, description, price) values (68, '2019-01-25', 1, 'lekarstvo-ot-melankholii', 'Лекарство от меланхолии', 'https://dummyimage.com/476x715.png/5fa2dd/ffffff', '"Когда все потеряно, остается надежда", - утверждает герой одного из рассказов Рэя Брэдбери. И эти слова могли бы стать эпиграфом ко всему сборнику "Лекарство от меланхолии", на страницах которого всегда найдется место для грустных улыбок и добрых чудес. Книга представляет собой оригинальный авторский сборник.', 500);
insert into books (id, pub_date, is_bestseller, slug, title, image, description, price) values (69, '2018-05-26', 0, 'r-znachit-raketa', 'Р - значит ракета', 'https://dummyimage.com/476x715.png/5fa2dd/ffffff', 'Издание 1973 года. Сохранность хорошая. Сборник фантастических рассказов крупнейшего американского фантаста Рэя Брэдбери. Перевод с английского Н.Галь, Э.Кабалевской. Составитель Л.Жданов, послесловие Р.Подольного. В сборник вошли рассказы: "Р - значит ракета", " Конец начальной поры", "Ревун", "Ракета", "Космонавт", "Золотые яблоки Солнца", "И грянул гром...", "Нескончаемый дождь" и др.', 500);
insert into books (id, pub_date, is_bestseller, slug, title, image, description, price) values (70, '2017-02-17', 0, 'mekhanizmy-radosti', 'Механизмы радости', 'https://dummyimage.com/476x715.png/5fa2dd/ffffff', 'У этих механизмов никогда не бывает сбоев. Они вечны, как вечный двигатель и снега на вершине Килиманджаро. Потому что человек, их создавший, один из лучших в мире выдумщиков небывалых вещей, Рэй Брэдбери, писатель, фантаст, поэт, для которого создавать механизмы радости такое же привычное ремесло, как для пекаря делать хлеб, а для винодела - вино.', 500);
insert into books (id, pub_date, is_bestseller, slug, title, image, description, price) values (71, '2016-03-27', 0, 'daleko-za-polnoch', 'Далеко за полночь', 'https://dummyimage.com/476x715.png/5fa2dd/ffffff', 'Полночь - это дверь, ведущая в волшебную даль. За ней могут скрываться история первой любви и украденный попугай Хемингуэя, самозародившиеся знойным летом зло в людском обличье и заводной Бернард Шоу, воскресенье в Дублине и отпуск в Мексике у подножия грозного вулкана. В этих двадцати двух рассказах - квинтэссенция зрелого Брэдбери, на полпути от "Золотых яблок Солнца" к "Вождению вслепую".', 500);
insert into books (id, pub_date, is_bestseller, slug, title, image, description, price) values (72, '2011-04-28', 0, 'istorii-o-dinozavrakh', 'Истории о динозаврах', 'https://dummyimage.com/476x715.png/5fa2dd/ffffff', '1. Этот сборник всемирно известного классика Рэя Брэдбери впервые выходит на русском языке именно таким, каким его задумал автор! Полный цикл рассказов о динозаврах в авторском составе и последовательности.2. Самый знаменитый рассказ этого цикла был экранизирован и известен широкой публике по фильму «И грянул гром…».3. Эти истории заставляют задуматься и будят воображение. 4. Книги Рэя Брэдбери обязательно должны быть в читательском багаже будущего взрослого, они входит в золотой фонт мировой литературы. 5. Динозавры остаются одним из самых популярных детских увлечений вот уже много десятилетий. Новые открытия, фильмы и книги только подстегивают этот интерес, стимулируя любознательность, тягу к новым знаниям, желание быть спецом в любимой теме. Эта книга must have для всех любителей!', 500);
insert into books (id, pub_date, is_bestseller, slug, title, image, description, price) values (73, '2014-05-29', 0, 'k-zapadu-ot-oktyabrya', 'К западу от Октября', 'https://dummyimage.com/476x715.png/5fa2dd/ffffff', 'В спальне захолустного мотеля на почетном месте стоит надгробный камень. Древний ирландский призрак преследует знаменитого кинорежиссера всей силой своей нерастраченной любви. Герою-авиатору Первой мировой войны мнится, что ему выставлен счет за былые победы. От современного классика американской литературы - двадцать три истории о любви и смерти.', 500);
insert into books (id, pub_date, is_bestseller, slug, title, image, description, price) values (74, '2015-06-30', 0, 'v-mgnovene-oka', 'В мгновенье ока', 'https://dummyimage.com/476x715.png/5fa2dd/ffffff', 'Марсианин', 500);
insert into books (id, pub_date, is_bestseller, slug, title, image, description, price) values (75, '2019-08-11', 1, 'nadvigaetsya-beda', 'Надвигается беда', 'https://dummyimage.com/476x715.png/5fa2dd/ffffff', 'Серьезное и тяжелое произведение Рэя Брэдбери, наполненное метафорами, различными символами и мистикой. Брэдбери раскрывает противостояния светлого и темного начал в человеке, выводя на свет самые затаенные желания, страхи и искушения под масками жителей Гринтауна, сталкивающихся с мрачными Людьми Осени.', 500);

insert into book2author(book_id, author_id) values (1, 1);
insert into book2author(book_id, author_id) values (2, 2);
insert into book2author(book_id, author_id) values (3, 1);
insert into book2author(book_id, author_id) values (4, 2);
insert into book2author(book_id, author_id) values (5, 3);
insert into book2author(book_id, author_id) values (6, 4);
insert into book2author(book_id, author_id) values (7, 3);
insert into book2author(book_id, author_id) values (8, 5);
insert into book2author(book_id, author_id) values (9, 6);
insert into book2author(book_id, author_id) values (10, 5);
insert into book2author(book_id, author_id) values (11, 7);
insert into book2author(book_id, author_id) values (12, 8);
insert into book2author(book_id, author_id) values (13, 9);
insert into book2author(book_id, author_id) values (13, 10);
insert into book2author(book_id, author_id) values (14, 11);
insert into book2author(book_id, author_id) values (15, 20);
insert into book2author(book_id, author_id) values (16, 13);
insert into book2author(book_id, author_id) values (17, 14);
insert into book2author(book_id, author_id) values (18, 15);
insert into book2author(book_id, author_id) values (19, 16);
insert into book2author(book_id, author_id) values (20, 17);
insert into book2author(book_id, author_id) values (21, 18);
insert into book2author(book_id, author_id) values (22, 19);
insert into book2author(book_id, author_id) values (23, 20);
insert into book2author(book_id, author_id) values (24, 21);
insert into book2author(book_id, author_id) values (25, 22);
insert into book2author(book_id, author_id) values (26, 23);
insert into book2author(book_id, author_id) values (27, 9);
insert into book2author(book_id, author_id) values (27, 10);
insert into book2author(book_id, author_id) values (28, 15);
insert into book2author(book_id, author_id) values (29, 25);
insert into book2author(book_id, author_id) values (30, 26);
insert into book2author(book_id, author_id) values (31, 11);
insert into book2author(book_id, author_id) values (32, 15);
insert into book2author(book_id, author_id) values (33, 27);
insert into book2author(book_id, author_id) values (34, 28);
insert into book2author(book_id, author_id) values (35, 29);
insert into book2author(book_id, author_id) values (36, 30);
insert into book2author(book_id, author_id) values (37, 31);
insert into book2author(book_id, author_id) values (38, 32);
insert into book2author(book_id, author_id) values (39, 33);
insert into book2author(book_id, author_id) values (40, 2);
insert into book2author(book_id, author_id) values (41, 34);
insert into book2author(book_id, author_id) values (42, 35);
insert into book2author(book_id, author_id) values (43, 11);
insert into book2author(book_id, author_id) values (44, 36);
insert into book2author(book_id, author_id) values (44, 37);
insert into book2author(book_id, author_id) values (45, 38);
insert into book2author(book_id, author_id) values (46, 2);
insert into book2author(book_id, author_id) values (47, 11);
insert into book2author(book_id, author_id) values (48, 39);
insert into book2author(book_id, author_id) values (49, 11);
insert into book2author(book_id, author_id) values (50, 24);
insert into book2author(book_id, author_id) values (51, 12);
insert into book2author(book_id, author_id) values (52, 40);
insert into book2author(book_id, author_id) values (53, 20);
insert into book2author(book_id, author_id) values (54, 20);
insert into book2author(book_id, author_id) values (55, 20);
insert into book2author(book_id, author_id) values (56, 20);
insert into book2author(book_id, author_id) values (57, 20);
insert into book2author(book_id, author_id) values (58, 20);
insert into book2author(book_id, author_id) values (59, 20);
insert into book2author(book_id, author_id) values (60, 20);
insert into book2author(book_id, author_id) values (61, 20);
insert into book2author(book_id, author_id) values (62, 20);
insert into book2author(book_id, author_id) values (63, 20);
insert into book2author(book_id, author_id) values (64, 20);
insert into book2author(book_id, author_id) values (65, 20);
insert into book2author(book_id, author_id) values (66, 20);
insert into book2author(book_id, author_id) values (67, 20);
insert into book2author(book_id, author_id) values (68, 20);
insert into book2author(book_id, author_id) values (69, 20);
insert into book2author(book_id, author_id) values (70, 20);
insert into book2author(book_id, author_id) values (71, 20);
insert into book2author(book_id, author_id) values (72, 20);
insert into book2author(book_id, author_id) values (73, 20);
insert into book2author(book_id, author_id) values (74, 20);
insert into book2author(book_id, author_id) values (75, 20);

insert into genre (id, slug, name) values (1, 'legkoye_chteniye', 'Легкое чтение');
insert into genre (id, parent_id, slug, name) values (2, 1, 'fantasy', 'Фантастика');
insert into genre (id, parent_id, slug, name) values (3, 3, 'puteshestviye', 'Путешествие');
insert into genre (id, parent_id, slug, name) values (4, 2, 'science_fantasy', 'Научная Фантастика');
insert into genre (id, parent_id, slug, name) values (5, 1, 'boyevki', 'Боевки');
insert into genre (id, parent_id, slug, name) values (6, 1, 'detektivy', 'Детективы');
insert into genre (id, parent_id, slug, name) values (7, 6, 'triller', 'Триллер');
insert into genre (id, parent_id, slug, name) values (8, 6, 'krutoy detektiv', 'Крутой детектив');
insert into genre (id, parent_id, slug, name) values (9, 6, 'ironicheskiy detektiv', 'Иронический детектив');
insert into genre (id, parent_id, slug, name) values (10, 6, 'pro manyakov', 'Про маньяков');
insert into genre (id, parent_id, slug, name) values (11, 6, 'krutoy_detektiv', 'Шпионский детектив');
insert into genre (id, parent_id, slug, name) values (12, 6, 'shpionskiy_detektiv', 'Криминальный детектив');
insert into genre (id, parent_id, slug, name) values (13, 6, 'klassicheskiy_detektiv', 'Классический детектив');
insert into genre (id, parent_id, slug, name) values (14, 6, 'politicheskiy_detektiv', 'Политический детектив');
insert into genre (id, parent_id, slug, name) values (15, 1, 'fentezi', 'Фэнтези');
insert into genre (id, parent_id, slug, name) values (16, 1, 'romance', 'Роман');
insert into genre (id, parent_id, slug, name) values (17, 16, 'love_romance', 'Любовный роман');
insert into genre (id, parent_id, slug, name) values (18, 16, 'philosophical_romance', 'Философский роман');
insert into genre (id, parent_id, slug, name) values (19, 1, 'priklyucheniya', 'Приключения');
insert into genre (id, parent_id, slug, name) values (20, 1, 'uzhasy', 'Ужасы');
insert into genre (id, slug, name) values (21, 'serznoye_chteniye', 'Серьезное чтение');
insert into genre (id, parent_id, slug, name) values (22, 21, 'biografiya', 'Биография');
insert into genre (id, parent_id, slug, name) values (23, 21, 'art_fiction', 'Художественный вымысел');
insert into genre (id, slug, name) values (24, 'dramaturgiya', 'Драматургия');
insert into genre (id, parent_id, slug, name) values (25, 24, 'satire', 'Сатира');
insert into genre (id, parent_id, slug, name) values (26, 24, 'comedy', 'Комедия');

insert into book2genre (book_id, genre_id) values (1, 14);
insert into book2genre (book_id, genre_id) values (1, 1);
insert into book2genre (book_id, genre_id) values (2, 1);
insert into book2genre (book_id, genre_id) values (3, 1);
insert into book2genre (book_id, genre_id) values (4, 1);
insert into book2genre (book_id, genre_id) values (5, 1);
insert into book2genre (book_id, genre_id) values (6, 1);
insert into book2genre (book_id, genre_id) values (7, 1);
insert into book2genre (book_id, genre_id) values (9, 1);
insert into book2genre (book_id, genre_id) values (10, 1);
insert into book2genre (book_id, genre_id) values (11, 1);
insert into book2genre (book_id, genre_id) values (12, 1);
insert into book2genre (book_id, genre_id) values (13, 1);
insert into book2genre (book_id, genre_id) values (14, 1);
insert into book2genre (book_id, genre_id) values (15, 1);
insert into book2genre (book_id, genre_id) values (16, 1);
insert into book2genre (book_id, genre_id) values (18, 1);
insert into book2genre (book_id, genre_id) values (19, 1);
insert into book2genre (book_id, genre_id) values (20, 1);
insert into book2genre (book_id, genre_id) values (21, 1);
insert into book2genre (book_id, genre_id) values (22, 1);
insert into book2genre (book_id, genre_id) values (24, 1);
insert into book2genre (book_id, genre_id) values (25, 1);
insert into book2genre (book_id, genre_id) values (27, 1);
insert into book2genre (book_id, genre_id) values (29, 1);
insert into book2genre (book_id, genre_id) values (30, 1);
insert into book2genre (book_id, genre_id) values (32, 1);
insert into book2genre (book_id, genre_id) values (33, 1);
insert into book2genre (book_id, genre_id) values (34, 1);
insert into book2genre (book_id, genre_id) values (35, 1);
insert into book2genre (book_id, genre_id) values (36, 1);
insert into book2genre (book_id, genre_id) values (37, 1);
insert into book2genre (book_id, genre_id) values (38, 1);
insert into book2genre (book_id, genre_id) values (39, 1);
insert into book2genre (book_id, genre_id) values (40, 1);
insert into book2genre (book_id, genre_id) values (43, 1);
insert into book2genre (book_id, genre_id) values (1, 24);
insert into book2genre (book_id, genre_id) values (10, 11);
insert into book2genre (book_id, genre_id) values (10, 13);
insert into book2genre (book_id, genre_id) values (10, 14);
insert into book2genre (book_id, genre_id) values (10, 16);
insert into book2genre (book_id, genre_id) values (10, 18);
insert into book2genre (book_id, genre_id) values (10, 2);
insert into book2genre (book_id, genre_id) values (10, 22);
insert into book2genre (book_id, genre_id) values (10, 6);
insert into book2genre (book_id, genre_id) values (10, 7);
insert into book2genre (book_id, genre_id) values (12, 14);
insert into book2genre (book_id, genre_id) values (13, 11);
insert into book2genre (book_id, genre_id) values (13, 3);
insert into book2genre (book_id, genre_id) values (14, 26);
insert into book2genre (book_id, genre_id) values (14, 25);
insert into book2genre (book_id, genre_id) values (14, 4);
insert into book2genre (book_id, genre_id) values (15, 15);
insert into book2genre (book_id, genre_id) values (15, 16);
insert into book2genre (book_id, genre_id) values (15, 2);
insert into book2genre (book_id, genre_id) values (15, 24);
insert into book2genre (book_id, genre_id) values (15, 8);
insert into book2genre (book_id, genre_id) values (16, 11);
insert into book2genre (book_id, genre_id) values (16, 12);
insert into book2genre (book_id, genre_id) values (16, 6);
insert into book2genre (book_id, genre_id) values (17, 1);
insert into book2genre (book_id, genre_id) values (17, 2);
insert into book2genre (book_id, genre_id) values (17, 24);
insert into book2genre (book_id, genre_id) values (17, 26);
insert into book2genre (book_id, genre_id) values (17, 3);
insert into book2genre (book_id, genre_id) values (17, 6);
insert into book2genre (book_id, genre_id) values (18, 20);
insert into book2genre (book_id, genre_id) values (19, 13);
insert into book2genre (book_id, genre_id) values (19, 14);
insert into book2genre (book_id, genre_id) values (19, 21);
insert into book2genre (book_id, genre_id) values (2, 10);
insert into book2genre (book_id, genre_id) values (2, 19);
insert into book2genre (book_id, genre_id) values (2, 4);
insert into book2genre (book_id, genre_id) values (2, 8);
insert into book2genre (book_id, genre_id) values (21, 11);
insert into book2genre (book_id, genre_id) values (21, 14);
insert into book2genre (book_id, genre_id) values (21, 26);
insert into book2genre (book_id, genre_id) values (21, 3);
insert into book2genre (book_id, genre_id) values (22, 3);
insert into book2genre (book_id, genre_id) values (22, 5);
insert into book2genre (book_id, genre_id) values (23, 1);
insert into book2genre (book_id, genre_id) values (23, 17);
insert into book2genre (book_id, genre_id) values (23, 20);
insert into book2genre (book_id, genre_id) values (23, 22);
insert into book2genre (book_id, genre_id) values (23, 24);
insert into book2genre (book_id, genre_id) values (23, 23);
insert into book2genre (book_id, genre_id) values (23, 3);
insert into book2genre (book_id, genre_id) values (23, 4);
insert into book2genre (book_id, genre_id) values (24, 10);
insert into book2genre (book_id, genre_id) values (24, 12);
insert into book2genre (book_id, genre_id) values (24, 15);
insert into book2genre (book_id, genre_id) values (24, 17);
insert into book2genre (book_id, genre_id) values (24, 18);
insert into book2genre (book_id, genre_id) values (24, 19);
insert into book2genre (book_id, genre_id) values (24, 9);
insert into book2genre (book_id, genre_id) values (25, 11);
insert into book2genre (book_id, genre_id) values (25, 14);
insert into book2genre (book_id, genre_id) values (25, 15);
insert into book2genre (book_id, genre_id) values (25, 17);
insert into book2genre (book_id, genre_id) values (25, 22);
insert into book2genre (book_id, genre_id) values (25, 24);
insert into book2genre (book_id, genre_id) values (26, 1);
insert into book2genre (book_id, genre_id) values (26, 10);
insert into book2genre (book_id, genre_id) values (26, 12);
insert into book2genre (book_id, genre_id) values (26, 26);
insert into book2genre (book_id, genre_id) values (26, 3);
insert into book2genre (book_id, genre_id) values (26, 7);
insert into book2genre (book_id, genre_id) values (26, 8);
insert into book2genre (book_id, genre_id) values (27, 11);
insert into book2genre (book_id, genre_id) values (27, 25);
insert into book2genre (book_id, genre_id) values (27, 6);
insert into book2genre (book_id, genre_id) values (28, 1);
insert into book2genre (book_id, genre_id) values (28, 26);
insert into book2genre (book_id, genre_id) values (29, 9);
insert into book2genre (book_id, genre_id) values (3, 12);
insert into book2genre (book_id, genre_id) values (3, 2);
insert into book2genre (book_id, genre_id) values (3, 26);
insert into book2genre (book_id, genre_id) values (3, 6);
insert into book2genre (book_id, genre_id) values (30, 12);
insert into book2genre (book_id, genre_id) values (30, 6);
insert into book2genre (book_id, genre_id) values (30, 9);
insert into book2genre (book_id, genre_id) values (31, 1);
insert into book2genre (book_id, genre_id) values (31, 11);
insert into book2genre (book_id, genre_id) values (31, 13);
insert into book2genre (book_id, genre_id) values (31, 23);
insert into book2genre (book_id, genre_id) values (31, 24);
insert into book2genre (book_id, genre_id) values (31, 4);
insert into book2genre (book_id, genre_id) values (31, 7);
insert into book2genre (book_id, genre_id) values (31, 9);
insert into book2genre (book_id, genre_id) values (32, 15);
insert into book2genre (book_id, genre_id) values (32, 21);
insert into book2genre (book_id, genre_id) values (33, 10);
insert into book2genre (book_id, genre_id) values (33, 2);
insert into book2genre (book_id, genre_id) values (34, 12);
insert into book2genre (book_id, genre_id) values (34, 20);
insert into book2genre (book_id, genre_id) values (34, 22);
insert into book2genre (book_id, genre_id) values (34, 24);
insert into book2genre (book_id, genre_id) values (34, 25);
insert into book2genre (book_id, genre_id) values (34, 23);
insert into book2genre (book_id, genre_id) values (34, 5);
insert into book2genre (book_id, genre_id) values (35, 12);
insert into book2genre (book_id, genre_id) values (35, 14);
insert into book2genre (book_id, genre_id) values (35, 16);
insert into book2genre (book_id, genre_id) values (35, 23);
insert into book2genre (book_id, genre_id) values (35, 5);
insert into book2genre (book_id, genre_id) values (35, 7);
insert into book2genre (book_id, genre_id) values (36, 10);
insert into book2genre (book_id, genre_id) values (36, 12);
insert into book2genre (book_id, genre_id) values (36, 13);
insert into book2genre (book_id, genre_id) values (36, 14);
insert into book2genre (book_id, genre_id) values (36, 19);
insert into book2genre (book_id, genre_id) values (36, 3);
insert into book2genre (book_id, genre_id) values (36, 4);
insert into book2genre (book_id, genre_id) values (37, 10);
insert into book2genre (book_id, genre_id) values (37, 17);
insert into book2genre (book_id, genre_id) values (37, 25);
insert into book2genre (book_id, genre_id) values (37, 9);
insert into book2genre (book_id, genre_id) values (38, 14);
insert into book2genre (book_id, genre_id) values (38, 16);
insert into book2genre (book_id, genre_id) values (38, 2);
insert into book2genre (book_id, genre_id) values (38, 26);
insert into book2genre (book_id, genre_id) values (38, 3);
insert into book2genre (book_id, genre_id) values (38, 6);
insert into book2genre (book_id, genre_id) values (39, 14);
insert into book2genre (book_id, genre_id) values (39, 2);
insert into book2genre (book_id, genre_id) values (39, 7);
insert into book2genre (book_id, genre_id) values (4, 13);
insert into book2genre (book_id, genre_id) values (4, 18);
insert into book2genre (book_id, genre_id) values (4, 2);
insert into book2genre (book_id, genre_id) values (4, 3);
insert into book2genre (book_id, genre_id) values (4, 25);
insert into book2genre (book_id, genre_id) values (4, 26);
insert into book2genre (book_id, genre_id) values (4, 24);
insert into book2genre (book_id, genre_id) values (40, 10);
insert into book2genre (book_id, genre_id) values (40, 15);
insert into book2genre (book_id, genre_id) values (40, 19);
insert into book2genre (book_id, genre_id) values (40, 6);
insert into book2genre (book_id, genre_id) values (40, 8);
insert into book2genre (book_id, genre_id) values (41, 1);
insert into book2genre (book_id, genre_id) values (41, 10);
insert into book2genre (book_id, genre_id) values (41, 17);
insert into book2genre (book_id, genre_id) values (41, 6);
insert into book2genre (book_id, genre_id) values (41, 8);
insert into book2genre (book_id, genre_id) values (42, 12);
insert into book2genre (book_id, genre_id) values (42, 2);
insert into book2genre (book_id, genre_id) values (42, 22);
insert into book2genre (book_id, genre_id) values (42, 25);
insert into book2genre (book_id, genre_id) values (42, 26);
insert into book2genre (book_id, genre_id) values (42, 9);
insert into book2genre (book_id, genre_id) values (43, 15);
insert into book2genre (book_id, genre_id) values (44, 13);
insert into book2genre (book_id, genre_id) values (44, 15);
insert into book2genre (book_id, genre_id) values (44, 16);
insert into book2genre (book_id, genre_id) values (44, 17);
insert into book2genre (book_id, genre_id) values (44, 2);
insert into book2genre (book_id, genre_id) values (44, 9);
insert into book2genre (book_id, genre_id) values (45, 21);
insert into book2genre (book_id, genre_id) values (45, 23);
insert into book2genre (book_id, genre_id) values (45, 25);
insert into book2genre (book_id, genre_id) values (45, 4);
insert into book2genre (book_id, genre_id) values (46, 2);
insert into book2genre (book_id, genre_id) values (47, 1);
insert into book2genre (book_id, genre_id) values (47, 22);
insert into book2genre (book_id, genre_id) values (47, 5);
insert into book2genre (book_id, genre_id) values (48, 26);
insert into book2genre (book_id, genre_id) values (49, 14);
insert into book2genre (book_id, genre_id) values (49, 16);
insert into book2genre (book_id, genre_id) values (49, 22);
insert into book2genre (book_id, genre_id) values (49, 8);
insert into book2genre (book_id, genre_id) values (5, 11);
insert into book2genre (book_id, genre_id) values (5, 14);
insert into book2genre (book_id, genre_id) values (5, 7);
insert into book2genre (book_id, genre_id) values (50, 11);
insert into book2genre (book_id, genre_id) values (50, 4);
insert into book2genre (book_id, genre_id) values (50, 8);
insert into book2genre (book_id, genre_id) values (50, 9);
insert into book2genre (book_id, genre_id) values (51, 4);
insert into book2genre (book_id, genre_id) values (52, 16);
insert into book2genre (book_id, genre_id) values (52, 20);
insert into book2genre (book_id, genre_id) values (52, 21);
insert into book2genre (book_id, genre_id) values (52, 7);
insert into book2genre (book_id, genre_id) values (52, 6);
insert into book2genre (book_id, genre_id) values (6, 10);
insert into book2genre (book_id, genre_id) values (6, 19);
insert into book2genre (book_id, genre_id) values (6, 21);
insert into book2genre (book_id, genre_id) values (7, 11);
insert into book2genre (book_id, genre_id) values (8, 1);
insert into book2genre (book_id, genre_id) values (8, 11);
insert into book2genre (book_id, genre_id) values (8, 2);
insert into book2genre (book_id, genre_id) values (9, 12);
insert into book2genre (book_id, genre_id) values (9, 13);
insert into book2genre (book_id, genre_id) values (9, 24);
insert into book2genre (book_id, genre_id) values (9, 5);
insert into book2genre (book_id, genre_id) values (9, 7);
insert into book2genre (book_id, genre_id) values (9, 9);

insert into users (id, hash, reg_time, balance, name) values (1, 'hash-wad-872', '2018-01-02', 741, 'Daria Colam');
insert into users (id, hash, reg_time, balance, name) values (2, 'hash-djf-351', '2019-01-02', 854, 'Ira Monan');
insert into users (id, hash, reg_time, balance, name) values (3, 'hash-kre-492', '2021-01-02', 936, 'Susanna Eakens');
insert into users (id, hash, reg_time, balance, name) values (4, 'hash-lsh-761', '2022-01-02', 683, 'Chantalle Tennewell');
insert into users (id, hash, reg_time, balance, name) values (5, 'hash-kpm-476', '2021-01-02', 577, 'Juline Spiers');
insert into users (id, hash, reg_time, balance, name) values (6, 'hash-qek-958', '2021-01-02', 573, 'Simmonds Dummett');
insert into users (id, hash, reg_time, balance, name) values (7, 'hash-bjr-082', '2021-01-02', 581, 'Reggie Danforth');
insert into users (id, hash, reg_time, balance, name) values (8, 'hash-vzj-922', '2020-01-03', 848, 'Jordanna Leipelt');
insert into users (id, hash, reg_time, balance, name) values (9, 'hash-kxi-891', '2020-01-04', 756, 'Marigold Chatwin');
insert into users (id, hash, reg_time, balance, name) values (10, 'hash-lpa-804', '2020-01-05', 532, 'Bernhard Adderson');
insert into users (id, hash, reg_time, balance, name) values (11, 'hash-bdu-783', '2020-01-06', 451, 'Elayne Klimentov');
insert into users (id, hash, reg_time, balance, name) values (12, 'hash-ipb-032', '2020-01-07', 572, 'Alard Keijser');
insert into users (id, hash, reg_time, balance, name) values (13, 'hash-ntv-363', '2020-01-08', 107, 'Lorianna Ivanilov');
insert into users (id, hash, reg_time, balance, name) values (14, 'hash-vpu-416', '2020-01-09', 874, 'Garnet Sarney');
insert into users (id, hash, reg_time, balance, name) values (15, 'hash-qkx-261', '2020-01-10', 401, 'Vincenty Iacoboni');
insert into users (id, hash, reg_time, balance, name) values (16, 'hash-ode-509', '2020-02-02', 701, 'Giulietta Kaiser');
insert into users (id, hash, reg_time, balance, name) values (17, 'hash-zey-950', '2020-03-02', 251, 'Shari Marqyes');
insert into users (id, hash, reg_time, balance, name) values (18, 'hash-ovx-686', '2020-04-02', 838, 'Winifred Olive');
insert into users (id, hash, reg_time, balance, name) values (19, 'hash-exo-399', '2020-05-02', 144, 'Leia Fuentes');
insert into users (id, hash, reg_time, balance, name) values (20, 'hash-fwh-965', '2020-06-02', 50, 'Jessy Novacek');

insert into book2user_type  (id, code, name) values (1, 'Отложена', 'KEPT');
insert into book2user_type  (id, code, name) values (2, 'В корзине', 'CART');
insert into book2user_type  (id, code, name) values (3, 'Куплена', 'PAID');
insert into book2user_type  (id, code, name) values (4, 'В архиве', 'ARCHIVED');

insert into book2user (time, type_id, book_id, user_id) values ('2020-09-26', 1, 27, 17);
insert into book2user (time, type_id, book_id, user_id) values ('2022-03-01', 3, 45, 12);
insert into book2user (time, type_id, book_id, user_id) values ('2021-01-16', 3, 36, 2);
insert into book2user (time, type_id, book_id, user_id) values ('2022-02-26', 2, 9, 14);
insert into book2user (time, type_id, book_id, user_id) values ('2022-03-18', 4, 45, 17);
insert into book2user (time, type_id, book_id, user_id) values ('2021-02-02', 3, 27, 2);
insert into book2user (time, type_id, book_id, user_id) values ('2021-07-10', 3, 52, 16);
insert into book2user (time, type_id, book_id, user_id) values ('2021-08-09', 1, 30, 1);
insert into book2user (time, type_id, book_id, user_id) values ('2020-11-04', 3, 44, 5);
insert into book2user (time, type_id, book_id, user_id) values ('2021-07-16', 1, 52, 1);
insert into book2user (time, type_id, book_id, user_id) values ('2020-07-04', 4, 20, 17);
insert into book2user (time, type_id, book_id, user_id) values ('2022-05-02', 4, 15, 6);
insert into book2user (time, type_id, book_id, user_id) values ('2020-06-11', 1, 8, 2);
insert into book2user (time, type_id, book_id, user_id) values ('2020-12-13', 4, 41, 10);
insert into book2user (time, type_id, book_id, user_id) values ('2020-06-21', 1, 3, 12);
insert into book2user (time, type_id, book_id, user_id) values ('2021-09-29', 4, 48, 18);
insert into book2user (time, type_id, book_id, user_id) values ('2020-12-03', 2, 30, 14);
insert into book2user (time, type_id, book_id, user_id) values ('2020-11-22', 3, 51, 8);
insert into book2user (time, type_id, book_id, user_id) values ('2021-06-10', 1, 26, 1);
insert into book2user (time, type_id, book_id, user_id) values ('2022-03-12', 4, 16, 19);
insert into book2user (time, type_id, book_id, user_id) values ('2020-08-19', 3, 33, 16);
insert into book2user (time, type_id, book_id, user_id) values ('2021-08-03', 3, 5, 5);
insert into book2user (time, type_id, book_id, user_id) values ('2021-02-07', 3, 23, 14);
insert into book2user (time, type_id, book_id, user_id) values ('2022-04-09', 1, 31, 14);
insert into book2user (time, type_id, book_id, user_id) values ('2021-12-24', 1, 4, 11);
insert into book2user (time, type_id, book_id, user_id) values ('2021-03-19', 3, 17, 1);
insert into book2user (time, type_id, book_id, user_id) values ('2022-04-11', 4, 33, 15);
insert into book2user (time, type_id, book_id, user_id) values ('2020-12-21', 3, 23, 4);
insert into book2user (time, type_id, book_id, user_id) values ('2020-06-01', 4, 39, 9);
insert into book2user (time, type_id, book_id, user_id) values ('2021-06-15', 3, 19, 10);
insert into book2user (time, type_id, book_id, user_id) values ('2021-12-06', 3, 48, 5);
insert into book2user (time, type_id, book_id, user_id) values ('2020-10-11', 3, 36, 20);
insert into book2user (time, type_id, book_id, user_id) values ('2021-04-02', 2, 36, 17);
insert into book2user (time, type_id, book_id, user_id) values ('2020-08-27', 4, 12, 19);
insert into book2user (time, type_id, book_id, user_id) values ('2021-12-23', 2, 8, 1);
insert into book2user (time, type_id, book_id, user_id) values ('2021-10-05', 3, 14, 18);
insert into book2user (time, type_id, book_id, user_id) values ('2021-07-30', 1, 3, 3);
insert into book2user (time, type_id, book_id, user_id) values ('2020-12-02', 4, 52, 20);
insert into book2user (time, type_id, book_id, user_id) values ('2022-02-21', 2, 46, 9);
insert into book2user (time, type_id, book_id, user_id) values ('2020-12-12', 2, 14, 14);
insert into book2user (time, type_id, book_id, user_id) values ('2021-11-04', 4, 8, 14);
insert into book2user (time, type_id, book_id, user_id) values ('2020-10-10', 3, 19, 11);
insert into book2user (time, type_id, book_id, user_id) values ('2021-07-16', 2, 5, 7);
insert into book2user (time, type_id, book_id, user_id) values ('2021-01-08', 4, 28, 8);
insert into book2user (time, type_id, book_id, user_id) values ('2021-04-04', 1, 3, 8);
insert into book2user (time, type_id, book_id, user_id) values ('2021-11-06', 2, 45, 11);
insert into book2user (time, type_id, book_id, user_id) values ('2021-03-20', 4, 14, 3);
insert into book2user (time, type_id, book_id, user_id) values ('2022-02-14', 1, 10, 17);
insert into book2user (time, type_id, book_id, user_id) values ('2020-08-09', 2, 27, 9);
insert into book2user (time, type_id, book_id, user_id) values ('2021-08-12', 3, 15, 3);
insert into book2user (time, type_id, book_id, user_id) values ('2021-06-22', 4, 24, 1);
insert into book2user (time, type_id, book_id, user_id) values ('2020-08-09', 4, 22, 12);
insert into book2user (time, type_id, book_id, user_id) values ('2020-07-17', 4, 9, 4);
insert into book2user (time, type_id, book_id, user_id) values ('2020-08-13', 1, 33, 14);
insert into book2user (time, type_id, book_id, user_id) values ('2021-09-27', 3, 38, 7);
insert into book2user (time, type_id, book_id, user_id) values ('2020-11-07', 2, 22, 17);
insert into book2user (time, type_id, book_id, user_id) values ('2020-10-16', 3, 39, 7);
insert into book2user (time, type_id, book_id, user_id) values ('2021-08-02', 4, 4, 18);
insert into book2user (time, type_id, book_id, user_id) values ('2020-12-27', 2, 30, 2);
insert into book2user (time, type_id, book_id, user_id) values ('2021-01-15', 1, 39, 18);
insert into book2user (time, type_id, book_id, user_id) values ('2020-06-08', 1, 8, 6);
insert into book2user (time, type_id, book_id, user_id) values ('2020-09-26', 3, 18, 19);
insert into book2user (time, type_id, book_id, user_id) values ('2020-11-15', 1, 49, 3);
insert into book2user (time, type_id, book_id, user_id) values ('2020-08-01', 3, 23, 1);
insert into book2user (time, type_id, book_id, user_id) values ('2021-02-26', 3, 41, 8);
insert into book2user (time, type_id, book_id, user_id) values ('2021-07-26', 4, 42, 15);
insert into book2user (time, type_id, book_id, user_id) values ('2020-08-02', 4, 28, 18);
insert into book2user (time, type_id, book_id, user_id) values ('2022-01-11', 3, 34, 9);
insert into book2user (time, type_id, book_id, user_id) values ('2020-06-10', 1, 36, 10);
insert into book2user (time, type_id, book_id, user_id) values ('2020-10-16', 3, 44, 10);
insert into book2user (time, type_id, book_id, user_id) values ('2022-03-24', 2, 38, 6);
insert into book2user (time, type_id, book_id, user_id) values ('2021-06-01', 3, 19, 2);
insert into book2user (time, type_id, book_id, user_id) values ('2020-07-29', 3, 35, 20);
insert into book2user (time, type_id, book_id, user_id) values ('2020-12-03', 4, 19, 3);
insert into book2user (time, type_id, book_id, user_id) values ('2022-05-06', 2, 45, 8);
insert into book2user (time, type_id, book_id, user_id) values ('2020-06-19', 4, 24, 9);
insert into book2user (time, type_id, book_id, user_id) values ('2021-10-13', 2, 50, 3);
insert into book2user (time, type_id, book_id, user_id) values ('2021-05-07', 3, 33, 20);
insert into book2user (time, type_id, book_id, user_id) values ('2020-09-29', 1, 39, 10);
insert into book2user (time, type_id, book_id, user_id) values ('2022-03-02', 3, 6, 8);
insert into book2user (time, type_id, book_id, user_id) values ('2021-04-07', 2, 13, 12);
insert into book2user (time, type_id, book_id, user_id) values ('2021-01-09', 4, 47, 10);
insert into book2user (time, type_id, book_id, user_id) values ('2020-09-17', 3, 9, 17);
insert into book2user (time, type_id, book_id, user_id) values ('2020-09-04', 3, 31, 16);
insert into book2user (time, type_id, book_id, user_id) values ('2020-11-02', 4, 13, 17);
insert into book2user (time, type_id, book_id, user_id) values ('2021-08-18', 3, 12, 2);
insert into book2user (time, type_id, book_id, user_id) values ('2022-05-02', 4, 10, 14);
insert into book2user (time, type_id, book_id, user_id) values ('2021-10-02', 4, 51, 18);
insert into book2user (time, type_id, book_id, user_id) values ('2022-01-24', 3, 45, 1);
insert into book2user (time, type_id, book_id, user_id) values ('2021-11-27', 1, 10, 1);
insert into book2user (time, type_id, book_id, user_id) values ('2022-05-04', 1, 22, 13);
insert into book2user (time, type_id, book_id, user_id) values ('2020-05-26', 3, 17, 8);
insert into book2user (time, type_id, book_id, user_id) values ('2021-09-30', 4, 28, 4);
insert into book2user (time, type_id, book_id, user_id) values ('2021-07-29', 4, 18, 6);
insert into book2user (time, type_id, book_id, user_id) values ('2020-12-04', 1, 10, 9);
insert into book2user (time, type_id, book_id, user_id) values ('2021-11-08', 3, 23, 3);
insert into book2user (time, type_id, book_id, user_id) values ('2021-11-13', 3, 48, 9);
insert into book2user (time, type_id, book_id, user_id) values ('2021-10-24', 2, 16, 20);
insert into book2user (time, type_id, book_id, user_id) values ('2021-01-15', 2, 20, 8);
insert into book2user (time, type_id, book_id, user_id) values ('2020-09-10', 2, 44, 8);

insert into tags (id, name, slug) values (1, 'современная литература', 'sovremennaya_literatura');
insert into tags (id, name, slug) values (2, 'классическая литература', 'klassicheskaya_literatura');
insert into tags (id, name, slug) values (3, 'зарубежная литературa', 'zarubezhnaya_literatura');
insert into tags (id, name, slug) values (4, 'английская литература', 'angliyskaya_literatura');
insert into tags (id, name, slug) values (5, 'русская литература', 'russkaya_literatura');
insert into tags (id, name, slug) values (6, 'американская литература', 'amerikanskaya_literatura');
insert into tags (id, name, slug) values (7, 'детская литература', 'detskaya_literatura');
insert into tags (id, name, slug) values (8, 'фантастика', 'fantastika');
insert into tags (id, name, slug) values (9, 'детектив', 'detektiv');
insert into tags (id, name, slug) values (10, 'любовь', 'lyubov');
insert into tags (id, name, slug) values (11, 'мистика', 'mistika');
insert into tags (id, name, slug) values (12, 'юмор', 'yumor');
insert into tags (id, name, slug) values (13, 'приключения', 'priklyucheniya');
insert into tags (id, name, slug) values (14, 'сказка', 'skazka');
insert into tags (id, name, slug) values (15, 'французская литература', 'frantsuzskaya_literatura');
insert into tags (id, name, slug) values (16, 'англия', 'angliya');
insert into tags (id, name, slug) values (17, 'художественная литература', 'khudozhestvennaya_literatura');
insert into tags (id, name, slug) values (18, 'психология', 'psikhologiya');
insert into tags (id, name, slug) values (19, 'философия', 'filosofiya');
insert into tags (id, name, slug) values (20, 'экранизировано', 'ekranizirovano');
insert into tags (id, name, slug) values (21, 'любимое', 'lyubimoye');
insert into tags (id, name, slug) values (22, 'антиутопия', 'antiutopiya');
insert into tags (id, name, slug) values (23, 'роман', 'roman');
insert into tags (id, name, slug) values (24, 'франция', 'frantsiya');
insert into tags (id, name, slug) values (25, 'война', 'voyna');
insert into tags (id, name, slug) values (26, 'история', 'istoriya');
insert into tags (id, name, slug) values (27, 'детство', 'detstvo');
insert into tags (id, name, slug) values (28, 'жизнь', 'zhizn');
insert into tags (id, name, slug) values (29, 'драма', 'drama');
insert into tags (id, name, slug) values (30, 'россия', 'rossiya');
insert into tags (id, name, slug) values (31, 'триллер', 'triller');
insert into tags (id, name, slug) values (32, 'америка', 'amerika');
insert into tags (id, name, slug) values (33, 'немецкая литература', 'nemetskaya_literatura');

insert into book2tag (tag_id, book_id) values (1, 1);
insert into book2tag (tag_id, book_id) values (1, 10);
insert into book2tag (tag_id, book_id) values (1, 11);
insert into book2tag (tag_id, book_id) values (1, 12);
insert into book2tag (tag_id, book_id) values (1, 13);
insert into book2tag (tag_id, book_id) values (1, 14);
insert into book2tag (tag_id, book_id) values (1, 15);
insert into book2tag (tag_id, book_id) values (1, 16);
insert into book2tag (tag_id, book_id) values (1, 17);
insert into book2tag (tag_id, book_id) values (1, 18);
insert into book2tag (tag_id, book_id) values (1, 19);
insert into book2tag (tag_id, book_id) values (1, 2);
insert into book2tag (tag_id, book_id) values (1, 20);
insert into book2tag (tag_id, book_id) values (1, 21);
insert into book2tag (tag_id, book_id) values (1, 22);
insert into book2tag (tag_id, book_id) values (1, 23);
insert into book2tag (tag_id, book_id) values (1, 24);
insert into book2tag (tag_id, book_id) values (1, 25);
insert into book2tag (tag_id, book_id) values (1, 26);
insert into book2tag (tag_id, book_id) values (1, 27);
insert into book2tag (tag_id, book_id) values (1, 28);
insert into book2tag (tag_id, book_id) values (1, 29);
insert into book2tag (tag_id, book_id) values (1, 3);
insert into book2tag (tag_id, book_id) values (1, 30);
insert into book2tag (tag_id, book_id) values (1, 31);
insert into book2tag (tag_id, book_id) values (1, 32);
insert into book2tag (tag_id, book_id) values (1, 33);
insert into book2tag (tag_id, book_id) values (1, 34);
insert into book2tag (tag_id, book_id) values (1, 35);
insert into book2tag (tag_id, book_id) values (1, 36);
insert into book2tag (tag_id, book_id) values (1, 37);
insert into book2tag (tag_id, book_id) values (1, 38);
insert into book2tag (tag_id, book_id) values (1, 39);
insert into book2tag (tag_id, book_id) values (1, 4);
insert into book2tag (tag_id, book_id) values (1, 40);
insert into book2tag (tag_id, book_id) values (1, 41);
insert into book2tag (tag_id, book_id) values (1, 42);
insert into book2tag (tag_id, book_id) values (1, 43);
insert into book2tag (tag_id, book_id) values (1, 44);
insert into book2tag (tag_id, book_id) values (1, 45);
insert into book2tag (tag_id, book_id) values (1, 46);
insert into book2tag (tag_id, book_id) values (1, 47);
insert into book2tag (tag_id, book_id) values (1, 48);
insert into book2tag (tag_id, book_id) values (1, 49);
insert into book2tag (tag_id, book_id) values (1, 5);
insert into book2tag (tag_id, book_id) values (1, 50);
insert into book2tag (tag_id, book_id) values (1, 51);
insert into book2tag (tag_id, book_id) values (1, 52);
insert into book2tag (tag_id, book_id) values (1, 6);
insert into book2tag (tag_id, book_id) values (1, 7);
insert into book2tag (tag_id, book_id) values (1, 8);
insert into book2tag (tag_id, book_id) values (1, 9);
insert into book2tag (tag_id, book_id) values (10, 22);
insert into book2tag (tag_id, book_id) values (10, 45);
insert into book2tag (tag_id, book_id) values (10, 50);
insert into book2tag (tag_id, book_id) values (10, 52);
insert into book2tag (tag_id, book_id) values (10, 6);
insert into book2tag (tag_id, book_id) values (10, 72);
insert into book2tag (tag_id, book_id) values (11, 2);
insert into book2tag (tag_id, book_id) values (11, 20);
insert into book2tag (tag_id, book_id) values (11, 43);
insert into book2tag (tag_id, book_id) values (11, 51);
insert into book2tag (tag_id, book_id) values (11, 53);
insert into book2tag (tag_id, book_id) values (11, 54);
insert into book2tag (tag_id, book_id) values (11, 56);
insert into book2tag (tag_id, book_id) values (11, 58);
insert into book2tag (tag_id, book_id) values (11, 62);
insert into book2tag (tag_id, book_id) values (11, 67);
insert into book2tag (tag_id, book_id) values (11, 7);
insert into book2tag (tag_id, book_id) values (11, 71);
insert into book2tag (tag_id, book_id) values (12, 34);
insert into book2tag (tag_id, book_id) values (12, 42);
insert into book2tag (tag_id, book_id) values (12, 43);
insert into book2tag (tag_id, book_id) values (12, 44);
insert into book2tag (tag_id, book_id) values (12, 5);
insert into book2tag (tag_id, book_id) values (12, 54);
insert into book2tag (tag_id, book_id) values (12, 53);
insert into book2tag (tag_id, book_id) values (12, 68);
insert into book2tag (tag_id, book_id) values (12, 72);
insert into book2tag (tag_id, book_id) values (13, 1);
insert into book2tag (tag_id, book_id) values (13, 21);
insert into book2tag (tag_id, book_id) values (13, 22);
insert into book2tag (tag_id, book_id) values (13, 24);
insert into book2tag (tag_id, book_id) values (13, 25);
insert into book2tag (tag_id, book_id) values (13, 26);
insert into book2tag (tag_id, book_id) values (13, 33);
insert into book2tag (tag_id, book_id) values (13, 37);
insert into book2tag (tag_id, book_id) values (13, 41);
insert into book2tag (tag_id, book_id) values (13, 53);
insert into book2tag (tag_id, book_id) values (13, 58);
insert into book2tag (tag_id, book_id) values (14, 17);
insert into book2tag (tag_id, book_id) values (14, 39);
insert into book2tag (tag_id, book_id) values (14, 45);
insert into book2tag (tag_id, book_id) values (14, 63);
insert into book2tag (tag_id, book_id) values (14, 65);
insert into book2tag (tag_id, book_id) values (14, 69);
insert into book2tag (tag_id, book_id) values (14, 8);
insert into book2tag (tag_id, book_id) values (15, 20);
insert into book2tag (tag_id, book_id) values (15, 25);
insert into book2tag (tag_id, book_id) values (15, 33);
insert into book2tag (tag_id, book_id) values (15, 35);
insert into book2tag (tag_id, book_id) values (15, 36);
insert into book2tag (tag_id, book_id) values (15, 41);
insert into book2tag (tag_id, book_id) values (15, 44);
insert into book2tag (tag_id, book_id) values (15, 7);
insert into book2tag (tag_id, book_id) values (16, 21);
insert into book2tag (tag_id, book_id) values (16, 23);
insert into book2tag (tag_id, book_id) values (16, 25);
insert into book2tag (tag_id, book_id) values (16, 35);
insert into book2tag (tag_id, book_id) values (16, 36);
insert into book2tag (tag_id, book_id) values (16, 4);
insert into book2tag (tag_id, book_id) values (16, 42);
insert into book2tag (tag_id, book_id) values (16, 43);
insert into book2tag (tag_id, book_id) values (16, 50);
insert into book2tag (tag_id, book_id) values (16, 9);
insert into book2tag (tag_id, book_id) values (17, 10);
insert into book2tag (tag_id, book_id) values (17, 37);
insert into book2tag (tag_id, book_id) values (17, 40);
insert into book2tag (tag_id, book_id) values (18, 17);
insert into book2tag (tag_id, book_id) values (18, 23);
insert into book2tag (tag_id, book_id) values (18, 24);
insert into book2tag (tag_id, book_id) values (18, 46);
insert into book2tag (tag_id, book_id) values (18, 47);
insert into book2tag (tag_id, book_id) values (18, 48);
insert into book2tag (tag_id, book_id) values (18, 59);
insert into book2tag (tag_id, book_id) values (18, 67);
insert into book2tag (tag_id, book_id) values (18, 73);
insert into book2tag (tag_id, book_id) values (19, 11);
insert into book2tag (tag_id, book_id) values (19, 16);
insert into book2tag (tag_id, book_id) values (19, 20);
insert into book2tag (tag_id, book_id) values (19, 33);
insert into book2tag (tag_id, book_id) values (19, 48);
insert into book2tag (tag_id, book_id) values (19, 63);
insert into book2tag (tag_id, book_id) values (19, 69);
insert into book2tag (tag_id, book_id) values (19, 7);
insert into book2tag (tag_id, book_id) values (19, 73);
insert into book2tag (tag_id, book_id) values (19, 8);
insert into book2tag (tag_id, book_id) values (19, 9);
insert into book2tag (tag_id, book_id) values (2, 1);
insert into book2tag (tag_id, book_id) values (2, 2);
insert into book2tag (tag_id, book_id) values (2, 3);
insert into book2tag (tag_id, book_id) values (2, 4);
insert into book2tag (tag_id, book_id) values (2, 5);
insert into book2tag (tag_id, book_id) values (2, 6);
insert into book2tag (tag_id, book_id) values (2, 7);
insert into book2tag (tag_id, book_id) values (2, 8);
insert into book2tag (tag_id, book_id) values (2, 9);
insert into book2tag (tag_id, book_id) values (2, 10);
insert into book2tag (tag_id, book_id) values (2, 11);
insert into book2tag (tag_id, book_id) values (2, 12);
insert into book2tag (tag_id, book_id) values (2, 13);
insert into book2tag (tag_id, book_id) values (2, 14);
insert into book2tag (tag_id, book_id) values (2, 15);
insert into book2tag (tag_id, book_id) values (2, 16);
insert into book2tag (tag_id, book_id) values (2, 17);
insert into book2tag (tag_id, book_id) values (2, 18);
insert into book2tag (tag_id, book_id) values (2, 19);
insert into book2tag (tag_id, book_id) values (2, 20);
insert into book2tag (tag_id, book_id) values (2, 21);
insert into book2tag (tag_id, book_id) values (2, 22);
insert into book2tag (tag_id, book_id) values (2, 23);
insert into book2tag (tag_id, book_id) values (2, 24);
insert into book2tag (tag_id, book_id) values (2, 25);
insert into book2tag (tag_id, book_id) values (2, 26);
insert into book2tag (tag_id, book_id) values (2, 27);
insert into book2tag (tag_id, book_id) values (2, 28);
insert into book2tag (tag_id, book_id) values (2, 29);
insert into book2tag (tag_id, book_id) values (2, 30);
insert into book2tag (tag_id, book_id) values (2, 31);
insert into book2tag (tag_id, book_id) values (2, 32);
insert into book2tag (tag_id, book_id) values (2, 33);
insert into book2tag (tag_id, book_id) values (2, 34);
insert into book2tag (tag_id, book_id) values (2, 35);
insert into book2tag (tag_id, book_id) values (2, 36);
insert into book2tag (tag_id, book_id) values (2, 37);
insert into book2tag (tag_id, book_id) values (2, 38);
insert into book2tag (tag_id, book_id) values (2, 39);
insert into book2tag (tag_id, book_id) values (2, 40);
insert into book2tag (tag_id, book_id) values (2, 41);
insert into book2tag (tag_id, book_id) values (2, 42);
insert into book2tag (tag_id, book_id) values (2, 43);
insert into book2tag (tag_id, book_id) values (2, 44);
insert into book2tag (tag_id, book_id) values (2, 45);
insert into book2tag (tag_id, book_id) values (2, 46);
insert into book2tag (tag_id, book_id) values (2, 47);
insert into book2tag (tag_id, book_id) values (2, 48);
insert into book2tag (tag_id, book_id) values (2, 49);
insert into book2tag (tag_id, book_id) values (2, 50);
insert into book2tag (tag_id, book_id) values (2, 51);
insert into book2tag (tag_id, book_id) values (2, 52);
insert into book2tag (tag_id, book_id) values (2, 53);
insert into book2tag (tag_id, book_id) values (2, 54);
insert into book2tag (tag_id, book_id) values (2, 55);
insert into book2tag (tag_id, book_id) values (2, 56);
insert into book2tag (tag_id, book_id) values (2, 57);
insert into book2tag (tag_id, book_id) values (2, 58);
insert into book2tag (tag_id, book_id) values (2, 59);
insert into book2tag (tag_id, book_id) values (2, 60);
insert into book2tag (tag_id, book_id) values (2, 61);
insert into book2tag (tag_id, book_id) values (2, 62);
insert into book2tag (tag_id, book_id) values (2, 63);
insert into book2tag (tag_id, book_id) values (2, 64);
insert into book2tag (tag_id, book_id) values (2, 65);
insert into book2tag (tag_id, book_id) values (2, 66);
insert into book2tag (tag_id, book_id) values (2, 67);
insert into book2tag (tag_id, book_id) values (2, 68);
insert into book2tag (tag_id, book_id) values (2, 69);
insert into book2tag (tag_id, book_id) values (2, 70);
insert into book2tag (tag_id, book_id) values (2, 71);
insert into book2tag (tag_id, book_id) values (2, 72);
insert into book2tag (tag_id, book_id) values (2, 73);
insert into book2tag (tag_id, book_id) values (2, 74);
insert into book2tag (tag_id, book_id) values (2, 75);
insert into book2tag (tag_id, book_id) values (20, 15);
insert into book2tag (tag_id, book_id) values (20, 16);
insert into book2tag (tag_id, book_id) values (20, 17);
insert into book2tag (tag_id, book_id) values (20, 2);
insert into book2tag (tag_id, book_id) values (20, 20);
insert into book2tag (tag_id, book_id) values (20, 21);
insert into book2tag (tag_id, book_id) values (20, 22);
insert into book2tag (tag_id, book_id) values (20, 23);
insert into book2tag (tag_id, book_id) values (20, 24);
insert into book2tag (tag_id, book_id) values (20, 25);
insert into book2tag (tag_id, book_id) values (20, 26);
insert into book2tag (tag_id, book_id) values (20, 19);
insert into book2tag (tag_id, book_id) values (20, 27);
insert into book2tag (tag_id, book_id) values (20, 28);
insert into book2tag (tag_id, book_id) values (20, 29);
insert into book2tag (tag_id, book_id) values (20, 3);
insert into book2tag (tag_id, book_id) values (20, 30);
insert into book2tag (tag_id, book_id) values (20, 31);
insert into book2tag (tag_id, book_id) values (20, 32);
insert into book2tag (tag_id, book_id) values (20, 33);
insert into book2tag (tag_id, book_id) values (20, 43);
insert into book2tag (tag_id, book_id) values (20, 45);
insert into book2tag (tag_id, book_id) values (20, 46);
insert into book2tag (tag_id, book_id) values (20, 47);
insert into book2tag (tag_id, book_id) values (20, 52);
insert into book2tag (tag_id, book_id) values (20, 53);
insert into book2tag (tag_id, book_id) values (20, 58);
insert into book2tag (tag_id, book_id) values (20, 59);
insert into book2tag (tag_id, book_id) values (20, 72);
insert into book2tag (tag_id, book_id) values (20, 73);
insert into book2tag (tag_id, book_id) values (21, 14);
insert into book2tag (tag_id, book_id) values (21, 20);
insert into book2tag (tag_id, book_id) values (21, 24);
insert into book2tag (tag_id, book_id) values (21, 27);
insert into book2tag (tag_id, book_id) values (21, 28);
insert into book2tag (tag_id, book_id) values (21, 41);
insert into book2tag (tag_id, book_id) values (21, 48);
insert into book2tag (tag_id, book_id) values (21, 49);
insert into book2tag (tag_id, book_id) values (21, 53);
insert into book2tag (tag_id, book_id) values (21, 55);
insert into book2tag (tag_id, book_id) values (21, 67);
insert into book2tag (tag_id, book_id) values (21, 71);
insert into book2tag (tag_id, book_id) values (21, 75);
insert into book2tag (tag_id, book_id) values (22, 15);
insert into book2tag (tag_id, book_id) values (22, 33);
insert into book2tag (tag_id, book_id) values (22, 40);
insert into book2tag (tag_id, book_id) values (22, 43);
insert into book2tag (tag_id, book_id) values (22, 59);
insert into book2tag (tag_id, book_id) values (22, 70);
insert into book2tag (tag_id, book_id) values (22, 72);
insert into book2tag (tag_id, book_id) values (22, 74);
insert into book2tag (tag_id, book_id) values (23, 21);
insert into book2tag (tag_id, book_id) values (23, 22);
insert into book2tag (tag_id, book_id) values (23, 24);
insert into book2tag (tag_id, book_id) values (23, 27);
insert into book2tag (tag_id, book_id) values (23, 28);
insert into book2tag (tag_id, book_id) values (23, 29);
insert into book2tag (tag_id, book_id) values (23, 3);
insert into book2tag (tag_id, book_id) values (23, 46);
insert into book2tag (tag_id, book_id) values (23, 70);
insert into book2tag (tag_id, book_id) values (24, 12);
insert into book2tag (tag_id, book_id) values (24, 19);
insert into book2tag (tag_id, book_id) values (24, 26);
insert into book2tag (tag_id, book_id) values (24, 36);
insert into book2tag (tag_id, book_id) values (24, 43);
insert into book2tag (tag_id, book_id) values (24, 48);
insert into book2tag (tag_id, book_id) values (24, 62);
insert into book2tag (tag_id, book_id) values (24, 71);
insert into book2tag (tag_id, book_id) values (24, 74);
insert into book2tag (tag_id, book_id) values (24, 8);
insert into book2tag (tag_id, book_id) values (25, 13);
insert into book2tag (tag_id, book_id) values (25, 16);
insert into book2tag (tag_id, book_id) values (25, 37);
insert into book2tag (tag_id, book_id) values (25, 40);
insert into book2tag (tag_id, book_id) values (25, 43);
insert into book2tag (tag_id, book_id) values (25, 46);
insert into book2tag (tag_id, book_id) values (25, 47);
insert into book2tag (tag_id, book_id) values (25, 60);
insert into book2tag (tag_id, book_id) values (25, 61);
insert into book2tag (tag_id, book_id) values (26, 15);
insert into book2tag (tag_id, book_id) values (26, 18);
insert into book2tag (tag_id, book_id) values (26, 38);
insert into book2tag (tag_id, book_id) values (26, 49);
insert into book2tag (tag_id, book_id) values (26, 51);
insert into book2tag (tag_id, book_id) values (26, 52);
insert into book2tag (tag_id, book_id) values (26, 7);
insert into book2tag (tag_id, book_id) values (27, 14);
insert into book2tag (tag_id, book_id) values (27, 16);
insert into book2tag (tag_id, book_id) values (27, 3);
insert into book2tag (tag_id, book_id) values (27, 42);
insert into book2tag (tag_id, book_id) values (27, 51);
insert into book2tag (tag_id, book_id) values (27, 56);
insert into book2tag (tag_id, book_id) values (27, 65);
insert into book2tag (tag_id, book_id) values (27, 7);
insert into book2tag (tag_id, book_id) values (27, 8);
insert into book2tag (tag_id, book_id) values (28, 2);
insert into book2tag (tag_id, book_id) values (28, 33);
insert into book2tag (tag_id, book_id) values (28, 34);
insert into book2tag (tag_id, book_id) values (28, 61);
insert into book2tag (tag_id, book_id) values (28, 69);
insert into book2tag (tag_id, book_id) values (28, 7);
insert into book2tag (tag_id, book_id) values (28, 73);
insert into book2tag (tag_id, book_id) values (29, 11);
insert into book2tag (tag_id, book_id) values (29, 22);
insert into book2tag (tag_id, book_id) values (29, 31);
insert into book2tag (tag_id, book_id) values (29, 47);
insert into book2tag (tag_id, book_id) values (29, 48);
insert into book2tag (tag_id, book_id) values (29, 49);
insert into book2tag (tag_id, book_id) values (29, 50);
insert into book2tag (tag_id, book_id) values (29, 62);
insert into book2tag (tag_id, book_id) values (29, 68);
insert into book2tag (tag_id, book_id) values (3, 17);
insert into book2tag (tag_id, book_id) values (3, 24);
insert into book2tag (tag_id, book_id) values (3, 3);
insert into book2tag (tag_id, book_id) values (3, 30);
insert into book2tag (tag_id, book_id) values (3, 35);
insert into book2tag (tag_id, book_id) values (3, 39);
insert into book2tag (tag_id, book_id) values (3, 40);
insert into book2tag (tag_id, book_id) values (3, 42);
insert into book2tag (tag_id, book_id) values (3, 5);
insert into book2tag (tag_id, book_id) values (3, 52);
insert into book2tag (tag_id, book_id) values (3, 54);
insert into book2tag (tag_id, book_id) values (30, 10);
insert into book2tag (tag_id, book_id) values (30, 11);
insert into book2tag (tag_id, book_id) values (30, 18);
insert into book2tag (tag_id, book_id) values (30, 21);
insert into book2tag (tag_id, book_id) values (30, 22);
insert into book2tag (tag_id, book_id) values (30, 32);
insert into book2tag (tag_id, book_id) values (30, 37);
insert into book2tag (tag_id, book_id) values (30, 40);
insert into book2tag (tag_id, book_id) values (30, 42);
insert into book2tag (tag_id, book_id) values (30, 46);
insert into book2tag (tag_id, book_id) values (30, 52);
insert into book2tag (tag_id, book_id) values (30, 54);
insert into book2tag (tag_id, book_id) values (30, 61);
insert into book2tag (tag_id, book_id) values (30, 67);
insert into book2tag (tag_id, book_id) values (31, 31);
insert into book2tag (tag_id, book_id) values (31, 45);
insert into book2tag (tag_id, book_id) values (31, 47);
insert into book2tag (tag_id, book_id) values (31, 64);
insert into book2tag (tag_id, book_id) values (31, 73);
insert into book2tag (tag_id, book_id) values (32, 14);
insert into book2tag (tag_id, book_id) values (32, 18);
insert into book2tag (tag_id, book_id) values (32, 24);
insert into book2tag (tag_id, book_id) values (32, 25);
insert into book2tag (tag_id, book_id) values (32, 34);
insert into book2tag (tag_id, book_id) values (32, 4);
insert into book2tag (tag_id, book_id) values (32, 47);
insert into book2tag (tag_id, book_id) values (32, 55);
insert into book2tag (tag_id, book_id) values (32, 66);
insert into book2tag (tag_id, book_id) values (32, 74);
insert into book2tag (tag_id, book_id) values (33, 1);
insert into book2tag (tag_id, book_id) values (33, 11);
insert into book2tag (tag_id, book_id) values (33, 20);
insert into book2tag (tag_id, book_id) values (33, 25);
insert into book2tag (tag_id, book_id) values (33, 27);
insert into book2tag (tag_id, book_id) values (33, 53);
insert into book2tag (tag_id, book_id) values (33, 61);
insert into book2tag (tag_id, book_id) values (33, 7);
insert into book2tag (tag_id, book_id) values (33, 70);
insert into book2tag (tag_id, book_id) values (33, 71);
insert into book2tag (tag_id, book_id) values (33, 73);
insert into book2tag (tag_id, book_id) values (33, 72);
insert into book2tag (tag_id, book_id) values (33, 74);
insert into book2tag (tag_id, book_id) values (4, 17);
insert into book2tag (tag_id, book_id) values (4, 21);
insert into book2tag (tag_id, book_id) values (4, 28);
insert into book2tag (tag_id, book_id) values (4, 3);
insert into book2tag (tag_id, book_id) values (4, 30);
insert into book2tag (tag_id, book_id) values (4, 31);
insert into book2tag (tag_id, book_id) values (4, 45);
insert into book2tag (tag_id, book_id) values (4, 46);
insert into book2tag (tag_id, book_id) values (4, 48);
insert into book2tag (tag_id, book_id) values (4, 50);
insert into book2tag (tag_id, book_id) values (4, 66);
insert into book2tag (tag_id, book_id) values (4, 70);
insert into book2tag (tag_id, book_id) values (5, 25);
insert into book2tag (tag_id, book_id) values (5, 29);
insert into book2tag (tag_id, book_id) values (5, 38);
insert into book2tag (tag_id, book_id) values (5, 4);
insert into book2tag (tag_id, book_id) values (5, 42);
insert into book2tag (tag_id, book_id) values (5, 53);
insert into book2tag (tag_id, book_id) values (6, 1);
insert into book2tag (tag_id, book_id) values (6, 27);
insert into book2tag (tag_id, book_id) values (6, 28);
insert into book2tag (tag_id, book_id) values (6, 29);
insert into book2tag (tag_id, book_id) values (6, 38);
insert into book2tag (tag_id, book_id) values (6, 49);
insert into book2tag (tag_id, book_id) values (6, 50);
insert into book2tag (tag_id, book_id) values (6, 54);
insert into book2tag (tag_id, book_id) values (6, 56);
insert into book2tag (tag_id, book_id) values (6, 59);
insert into book2tag (tag_id, book_id) values (6, 71);
insert into book2tag (tag_id, book_id) values (6, 73);
insert into book2tag (tag_id, book_id) values (6, 9);
insert into book2tag (tag_id, book_id) values (7, 27);
insert into book2tag (tag_id, book_id) values (7, 39);
insert into book2tag (tag_id, book_id) values (7, 40);
insert into book2tag (tag_id, book_id) values (7, 47);
insert into book2tag (tag_id, book_id) values (7, 57);
insert into book2tag (tag_id, book_id) values (7, 58);
insert into book2tag (tag_id, book_id) values (7, 68);
insert into book2tag (tag_id, book_id) values (8, 10);
insert into book2tag (tag_id, book_id) values (8, 19);
insert into book2tag (tag_id, book_id) values (8, 57);
insert into book2tag (tag_id, book_id) values (8, 58);
insert into book2tag (tag_id, book_id) values (8, 71);
insert into book2tag (tag_id, book_id) values (9, 1);
insert into book2tag (tag_id, book_id) values (9, 13);
insert into book2tag (tag_id, book_id) values (9, 2);
insert into book2tag (tag_id, book_id) values (9, 24);
insert into book2tag (tag_id, book_id) values (9, 29);
insert into book2tag (tag_id, book_id) values (9, 31);
insert into book2tag (tag_id, book_id) values (9, 33);
insert into book2tag (tag_id, book_id) values (9, 34);
insert into book2tag (tag_id, book_id) values (9, 35);
insert into book2tag (tag_id, book_id) values (9, 36);
insert into book2tag (tag_id, book_id) values (9, 38);
insert into book2tag (tag_id, book_id) values (9, 51);
insert into book2tag (tag_id, book_id) values (9, 53);
insert into book2tag (tag_id, book_id) values (9, 58);
insert into book2tag (tag_id, book_id) values (9, 63);
insert into book2tag (tag_id, book_id) values (9, 68);
insert into book2tag (tag_id, book_id) values (9, 73);
insert into book2tag (tag_id, book_id) values (9, 74);
insert into book2tag (tag_id, book_id) values (9, 75);
insert into book2tag (tag_id, book_id) values (9, 8);

insert into book_file_type (description, name) VALUES ('pdf', 'pdf');
insert into book_file_type (description, name) VALUES ('epub', 'epub');
insert into book_file_type (description, name) VALUES ('fb2', 'fb2');

insert into book_file  (hash,  book_id,  type_id,  path) values ( 'anna-karenina-pdf', 1,  1, '/book.pdf' );
insert into book_file  (hash,  book_id,  type_id,  path) values ( 'prestuplenie-i-nakazanie-pdf', 2,  1, '/book.pdf' );
insert into book_file  (hash,  book_id,  type_id,  path) values ( 'voyna-i-mir-pdf', 3,  1, '/book.pdf' );
insert into book_file  (hash,  book_id,  type_id,  path) values ( 'idiot-pdf', 4,  1, '/book.pdf' );
insert into book_file  (hash,  book_id,  type_id,  path) values ( 'master-i-margarita-pdf', 5,  1, '/book.pdf' );
insert into book_file  (hash,  book_id,  type_id,  path) values ( 'myortvye-dushi-pdf', 6,  1, '/book.pdf' );
insert into book_file  (hash,  book_id,  type_id,  path) values ( 'sobache-serdtse-pdf', 7,  1, '/book.pdf' );
insert into book_file  (hash,  book_id,  type_id,  path) values ( 'evgeniy-onegin-pdf', 8,  1, '/book.pdf' );
insert into book_file  (hash,  book_id,  type_id,  path) values ( 'fathers-and-sons-pdf', 9,  1, '/book.pdf' );
insert into book_file  (hash,  book_id,  type_id,  path) values ( 'tales-of-belkin-pdf', 10,  1, '/book.pdf' );
insert into book_file  (hash,  book_id,  type_id,  path) values ( 'stories-pdf', 11,  1, '/book.pdf' );
insert into book_file  (hash,  book_id,  type_id,  path) values ( 'woe-from-wit-pdf', 12,  1, '/book.pdf' );
insert into book_file  (hash,  book_id,  type_id,  path) values ( 'one-story-america-pdf', 13,  1, '/book.pdf' );
insert into book_file  (hash,  book_id,  type_id,  path) values ( 'garri-potter-i-uznik-azkabana-pdf', 14,  1, '/book.pdf' );
insert into book_file  (hash,  book_id,  type_id,  path) values ( '451-po-farengeytu-pdf', 15,  1, '/book.pdf' );
insert into book_file  (hash,  book_id,  type_id,  path) values ( '1984-pdf', 16,  1, '/book.pdf' );
insert into book_file  (hash,  book_id,  type_id,  path) values ( 'shantaram-pdf', 17,  1, '/book.pdf' );
insert into book_file  (hash,  book_id,  type_id,  path) values ( 'tri-tovarishcha-pdf', 18,  1, '/book.pdf' );
insert into book_file  (hash,  book_id,  type_id,  path) values ( 'tsvety-dlya-eldzhernona-pdf', 19,  1, '/book.pdf' );
insert into book_file  (hash,  book_id,  type_id,  path) values ( 'portret-doriana-greya-pdf', 20,  1, '/book.pdf' );
insert into book_file  (hash,  book_id,  type_id,  path) values ( 'malenkiy-prints-pdf', 21,  1, '/book.pdf' );
insert into book_file  (hash,  book_id,  type_id,  path) values ( 'nad-propastyu-vo-rzhi-pdf', 22,  1, '/book.pdf' );
insert into book_file  (hash,  book_id,  type_id,  path) values ( 'vino-iz-oduvanchikov-pdf', 23,  1, '/book.pdf' );
insert into book_file  (hash,  book_id,  type_id,  path) values ( 'atlant-raspravil-plechi-pdf', 24,  1, '/book.pdf' );
insert into book_file  (hash,  book_id,  type_id,  path) values ( 'ubit-peresmeshnika-pdf', 25,  1, '/book.pdf' );
insert into book_file  (hash,  book_id,  type_id,  path) values ( 'sto-let-odinochestva-pdf', 26,  1, '/book.pdf' );
insert into book_file  (hash,  book_id,  type_id,  path) values ( 'dvenadtsat-stulev-pdf', 27,  1, '/book.pdf' );
insert into book_file  (hash,  book_id,  type_id,  path) values ( 'triumfalnaya-arka-pdf', 28,  1, '/book.pdf' );
insert into book_file  (hash,  book_id,  type_id,  path) values ( 'graf-monte-kristo-pdf', 29,  1, '/book.pdf' );
insert into book_file  (hash,  book_id,  type_id,  path) values ( 'velikiy-getsbi-pdf', 30,  1, '/book.pdf' );
insert into book_file  (hash,  book_id,  type_id,  path) values ( 'garri-potter-i-filosofskiy-kamen-pdf', 31,  1, '/book.pdf' );
insert into book_file  (hash,  book_id,  type_id,  path) values ( 'zhizn-vzaymy-pdf', 32,  1, '/book.pdf' );
insert into book_file  (hash,  book_id,  type_id,  path) values ( 'gordost-i-predubezhdenie-pdf', 33,  1, '/book.pdf' );
insert into book_file  (hash,  book_id,  type_id,  path) values ( 'boytsovskiy-klub-pdf', 34,  1, '/book.pdf' );
insert into book_file  (hash,  book_id,  type_id,  path) values ( 'knizhnyy-vor-pdf', 35,  1, '/book.pdf' );
insert into book_file  (hash,  book_id,  type_id,  path) values ( 'zelyonaya-milya-pdf', 36,  1, '/book.pdf' );
insert into book_file  (hash,  book_id,  type_id,  path) values ( 'o-divnyy-novyy-mir-pdf', 37,  1, '/book.pdf' );
insert into book_file  (hash,  book_id,  type_id,  path) values ( 'geroy-nashego-vremeni-pdf', 38,  1, '/book.pdf' );
insert into book_file  (hash,  book_id,  type_id,  path) values ( 'marsianin-pdf', 39,  1, '/book.pdf' );
insert into book_file  (hash,  book_id,  type_id,  path) values ( 'bratya-karamazovy-pdf', 40,  1, '/book.pdf' );
insert into book_file  (hash,  book_id,  type_id,  path) values ( 'unesyonnye-vetrom-pdf', 41,  1, '/book.pdf' );
insert into book_file  (hash,  book_id,  type_id,  path) values ( 'dom-v-kotorom-pdf', 42,  1, '/book.pdf' );
insert into book_file  (hash,  book_id,  type_id,  path) values ( 'garri-potter-i-orden-feniksa-pdf', 43,  1, '/book.pdf' );
insert into book_file  (hash,  book_id,  type_id,  path) values ( 'ponedelnik-nachinaetsya-v-subbotu-pdf', 44,  1, '/book.pdf' );
insert into book_file  (hash,  book_id,  type_id,  path) values ( 'alkhimik-pdf', 45,  1, '/book.pdf' );
insert into book_file  (hash,  book_id,  type_id,  path) values ( 'besy-pdf', 46,  1, '/book.pdf' );
insert into book_file  (hash,  book_id,  type_id,  path) values ( 'garri-potter-i-taynaya-komnata-pdf', 47,  1, '/book.pdf' );
insert into book_file  (hash,  book_id,  type_id,  path) values ( 'igra-prestolov-pdf', 48,  1, '/book.pdf' );
insert into book_file  (hash,  book_id,  type_id,  path) values ( 'garri-potter-i-kubok-ognya-pdf', 49,  1, '/book.pdf' );
insert into book_file  (hash,  book_id,  type_id,  path) values ( 'starik-i-more-pdf', 50,  1, '/book.pdf' );
insert into book_file  (hash,  book_id,  type_id,  path) values ( 'vlastelin-kolets-pdf', 51,  1, '/book.pdf' );
insert into book_file  (hash,  book_id,  type_id,  path) values ( 'odinochestvo-v-seti-pdf', 52,  1, '/book.pdf' );
insert into book_file  (hash,  book_id,  type_id,  path) values ( 'marsianskie-khroniki-pdf', 53,  1, '/book.pdf' );
insert into book_file  (hash,  book_id,  type_id,  path) values ( 'kanun-vsekh-svyatykh-pdf', 54,  1, '/book.pdf' );
insert into book_file  (hash,  book_id,  type_id,  path) values ( 'smert-delo-odinokoe-pdf', 55,  1, '/book.pdf' );
insert into book_file  (hash,  book_id,  type_id,  path) values ( 'kladbishche-dlya-bezumtsev-eshche-odna-povest-o-dvukh-gorodakh-pdf', 56,  1, '/book.pdf' );
insert into book_file  (hash,  book_id,  type_id,  path) values ( 'zelenye-teni-belyy-kit-pdf', 57,  1, '/book.pdf' );
insert into book_file  (hash,  book_id,  type_id,  path) values ( 'iz-prakha-vosstavshie-pdf', 58,  1, '/book.pdf' );
insert into book_file  (hash,  book_id,  type_id,  path) values ( 'davayte-vse-ubem-konstantsiyu-pdf', 59,  1, '/book.pdf' );
insert into book_file  (hash,  book_id,  type_id,  path) values ( 'leto-proshchay-pdf', 60,  1, '/book.pdf' );
insert into book_file  (hash,  book_id,  type_id,  path) values ( 'led-i-plamya-pdf', 61,  1, '/book.pdf' );
insert into book_file  (hash,  book_id,  type_id,  path) values ( 'revun-pdf', 62,  1, '/book.pdf' );
insert into book_file  (hash,  book_id,  type_id,  path) values ( 'chikagskaya-bezdna-pdf', 63,  1, '/book.pdf' );
insert into book_file  (hash,  book_id,  type_id,  path) values ( 'temnyy-karnaval-sbornik-pdf', 64,  1, '/book.pdf' );
insert into book_file  (hash,  book_id,  type_id,  path) values ( 'chelovek-v-kartinkakh-pdf', 65,  1, '/book.pdf' );
insert into book_file  (hash,  book_id,  type_id,  path) values ( 'zolotye-yabloki-solntsa-pdf', 66,  1, '/book.pdf' );
insert into book_file  (hash,  book_id,  type_id,  path) values ( 'oktyabrskaya-strana-pdf', 67,  1, '/book.pdf' );
insert into book_file  (hash,  book_id,  type_id,  path) values ( 'lekarstvo-ot-melankholii-pdf', 68,  1, '/book.pdf' );
insert into book_file  (hash,  book_id,  type_id,  path) values ( 'r-znachit-raketa-pdf', 69,  1, '/book.pdf' );
insert into book_file  (hash,  book_id,  type_id,  path) values ( 'mekhanizmy-radosti-pdf', 70,  1, '/book.pdf' );
insert into book_file  (hash,  book_id,  type_id,  path) values ( 'daleko-za-polnoch-pdf', 71,  1, '/book.pdf' );
insert into book_file  (hash,  book_id,  type_id,  path) values ( 'istorii-o-dinozavrakh-pdf', 72,  1, '/book.pdf' );
insert into book_file  (hash,  book_id,  type_id,  path) values ( 'k-zapadu-ot-oktyabrya-pdf', 73,  1, '/book.pdf' );
insert into book_file  (hash,  book_id,  type_id,  path) values ( 'v-mgnovene-oka-pdf', 74,  1, '/book.pdf' );
insert into book_file  (hash,  book_id,  type_id,  path) values ( 'nadvigaetsya-beda-pdf', 75,  1, '/book.pdf' );
insert into book_file  (hash,  book_id,  type_id,  path) values ( 'anna-karenina-fb2', 1,  2, '/book.fb2' );
insert into book_file  (hash,  book_id,  type_id,  path) values ( 'prestuplenie-i-nakazanie-fb2', 2,  2, '/book.fb2' );
insert into book_file  (hash,  book_id,  type_id,  path) values ( 'voyna-i-mir-fb2', 3,  2, '/book.fb2' );
insert into book_file  (hash,  book_id,  type_id,  path) values ( 'idiot-fb2', 4,  2, '/book.fb2' );
insert into book_file  (hash,  book_id,  type_id,  path) values ( 'master-i-margarita-fb2', 5,  2, '/book.fb2' );
insert into book_file  (hash,  book_id,  type_id,  path) values ( 'myortvye-dushi-fb2', 6,  2, '/book.fb2' );
insert into book_file  (hash,  book_id,  type_id,  path) values ( 'sobache-serdtse-fb2', 7,  2, '/book.fb2' );
insert into book_file  (hash,  book_id,  type_id,  path) values ( 'evgeniy-onegin-fb2', 8,  2, '/book.fb2' );
insert into book_file  (hash,  book_id,  type_id,  path) values ( 'fathers-and-sons-fb2', 9,  2, '/book.fb2' );
insert into book_file  (hash,  book_id,  type_id,  path) values ( 'tales-of-belkin-fb2', 10,  2, '/book.fb2' );
insert into book_file  (hash,  book_id,  type_id,  path) values ( 'stories-fb2', 11,  2, '/book.fb2' );
insert into book_file  (hash,  book_id,  type_id,  path) values ( 'woe-from-wit-fb2', 12,  2, '/book.fb2' );
insert into book_file  (hash,  book_id,  type_id,  path) values ( 'one-story-america-fb2', 13,  2, '/book.fb2' );
insert into book_file  (hash,  book_id,  type_id,  path) values ( 'garri-potter-i-uznik-azkabana-fb2', 14,  2, '/book.fb2' );
insert into book_file  (hash,  book_id,  type_id,  path) values ( '451-po-farengeytu-fb2', 15,  2, '/book.fb2' );
insert into book_file  (hash,  book_id,  type_id,  path) values ( '1984-fb2', 16,  2, '/book.fb2' );
insert into book_file  (hash,  book_id,  type_id,  path) values ( 'shantaram-fb2', 17,  2, '/book.fb2' );
insert into book_file  (hash,  book_id,  type_id,  path) values ( 'tri-tovarishcha-fb2', 18,  2, '/book.fb2' );
insert into book_file  (hash,  book_id,  type_id,  path) values ( 'tsvety-dlya-eldzhernona-fb2', 19,  2, '/book.fb2' );
insert into book_file  (hash,  book_id,  type_id,  path) values ( 'portret-doriana-greya-fb2', 20,  2, '/book.fb2' );
insert into book_file  (hash,  book_id,  type_id,  path) values ( 'malenkiy-prints-fb2', 21,  2, '/book.fb2' );
insert into book_file  (hash,  book_id,  type_id,  path) values ( 'nad-propastyu-vo-rzhi-fb2', 22,  2, '/book.fb2' );
insert into book_file  (hash,  book_id,  type_id,  path) values ( 'vino-iz-oduvanchikov-fb2', 23,  2, '/book.fb2' );
insert into book_file  (hash,  book_id,  type_id,  path) values ( 'atlant-raspravil-plechi-fb2', 24,  2, '/book.fb2' );
insert into book_file  (hash,  book_id,  type_id,  path) values ( 'ubit-peresmeshnika-fb2', 25,  2, '/book.fb2' );
insert into book_file  (hash,  book_id,  type_id,  path) values ( 'sto-let-odinochestva-fb2', 26,  2, '/book.fb2' );
insert into book_file  (hash,  book_id,  type_id,  path) values ( 'dvenadtsat-stulev-fb2', 27,  2, '/book.fb2' );
insert into book_file  (hash,  book_id,  type_id,  path) values ( 'triumfalnaya-arka-fb2', 28,  2, '/book.fb2' );
insert into book_file  (hash,  book_id,  type_id,  path) values ( 'graf-monte-kristo-fb2', 29,  2, '/book.fb2' );
insert into book_file  (hash,  book_id,  type_id,  path) values ( 'velikiy-getsbi-fb2', 30,  2, '/book.fb2' );
insert into book_file  (hash,  book_id,  type_id,  path) values ( 'garri-potter-i-filosofskiy-kamen-fb2', 31,  2, '/book.fb2' );
insert into book_file  (hash,  book_id,  type_id,  path) values ( 'zhizn-vzaymy-fb2', 32,  2, '/book.fb2' );
insert into book_file  (hash,  book_id,  type_id,  path) values ( 'gordost-i-predubezhdenie-fb2', 33,  2, '/book.fb2' );
insert into book_file  (hash,  book_id,  type_id,  path) values ( 'boytsovskiy-klub-fb2', 34,  2, '/book.fb2' );
insert into book_file  (hash,  book_id,  type_id,  path) values ( 'knizhnyy-vor-fb2', 35,  2, '/book.fb2' );
insert into book_file  (hash,  book_id,  type_id,  path) values ( 'zelyonaya-milya-fb2', 36,  2, '/book.fb2' );
insert into book_file  (hash,  book_id,  type_id,  path) values ( 'o-divnyy-novyy-mir-fb2', 37,  2, '/book.fb2' );
insert into book_file  (hash,  book_id,  type_id,  path) values ( 'geroy-nashego-vremeni-fb2', 38,  2, '/book.fb2' );
insert into book_file  (hash,  book_id,  type_id,  path) values ( 'marsianin-fb2', 39,  2, '/book.fb2' );
insert into book_file  (hash,  book_id,  type_id,  path) values ( 'bratya-karamazovy-fb2', 40,  2, '/book.fb2' );
insert into book_file  (hash,  book_id,  type_id,  path) values ( 'unesyonnye-vetrom-fb2', 41,  2, '/book.fb2' );
insert into book_file  (hash,  book_id,  type_id,  path) values ( 'dom-v-kotorom-fb2', 42,  2, '/book.fb2' );
insert into book_file  (hash,  book_id,  type_id,  path) values ( 'garri-potter-i-orden-feniksa-fb2', 43,  2, '/book.fb2' );
insert into book_file  (hash,  book_id,  type_id,  path) values ( 'ponedelnik-nachinaetsya-v-subbotu-fb2', 44,  2, '/book.fb2' );
insert into book_file  (hash,  book_id,  type_id,  path) values ( 'alkhimik-fb2', 45,  2, '/book.fb2' );
insert into book_file  (hash,  book_id,  type_id,  path) values ( 'besy-fb2', 46,  2, '/book.fb2' );
insert into book_file  (hash,  book_id,  type_id,  path) values ( 'garri-potter-i-taynaya-komnata-fb2', 47,  2, '/book.fb2' );
insert into book_file  (hash,  book_id,  type_id,  path) values ( 'igra-prestolov-fb2', 48,  2, '/book.fb2' );
insert into book_file  (hash,  book_id,  type_id,  path) values ( 'garri-potter-i-kubok-ognya-fb2', 49,  2, '/book.fb2' );
insert into book_file  (hash,  book_id,  type_id,  path) values ( 'starik-i-more-fb2', 50,  2, '/book.fb2' );
insert into book_file  (hash,  book_id,  type_id,  path) values ( 'vlastelin-kolets-fb2', 51,  2, '/book.fb2' );
insert into book_file  (hash,  book_id,  type_id,  path) values ( 'odinochestvo-v-seti-fb2', 52,  2, '/book.fb2' );
insert into book_file  (hash,  book_id,  type_id,  path) values ( 'marsianskie-khroniki-fb2', 53,  2, '/book.fb2' );
insert into book_file  (hash,  book_id,  type_id,  path) values ( 'kanun-vsekh-svyatykh-fb2', 54,  2, '/book.fb2' );
insert into book_file  (hash,  book_id,  type_id,  path) values ( 'smert-delo-odinokoe-fb2', 55,  2, '/book.fb2' );
insert into book_file  (hash,  book_id,  type_id,  path) values ( 'kladbishche-dlya-bezumtsev-eshche-odna-povest-o-dvukh-gorodakh-fb2', 56,  2, '/book.fb2' );
insert into book_file  (hash,  book_id,  type_id,  path) values ( 'zelenye-teni-belyy-kit-fb2', 57,  2, '/book.fb2' );
insert into book_file  (hash,  book_id,  type_id,  path) values ( 'iz-prakha-vosstavshie-fb2', 58,  2, '/book.fb2' );
insert into book_file  (hash,  book_id,  type_id,  path) values ( 'davayte-vse-ubem-konstantsiyu-fb2', 59,  2, '/book.fb2' );
insert into book_file  (hash,  book_id,  type_id,  path) values ( 'leto-proshchay-fb2', 60,  2, '/book.fb2' );
insert into book_file  (hash,  book_id,  type_id,  path) values ( 'led-i-plamya-fb2', 61,  2, '/book.fb2' );
insert into book_file  (hash,  book_id,  type_id,  path) values ( 'revun-fb2', 62,  2, '/book.fb2' );
insert into book_file  (hash,  book_id,  type_id,  path) values ( 'chikagskaya-bezdna-fb2', 63,  2, '/book.fb2' );
insert into book_file  (hash,  book_id,  type_id,  path) values ( 'temnyy-karnaval-sbornik-fb2', 64,  2, '/book.fb2' );
insert into book_file  (hash,  book_id,  type_id,  path) values ( 'chelovek-v-kartinkakh-fb2', 65,  2, '/book.fb2' );
insert into book_file  (hash,  book_id,  type_id,  path) values ( 'zolotye-yabloki-solntsa-fb2', 66,  2, '/book.fb2' );
insert into book_file  (hash,  book_id,  type_id,  path) values ( 'oktyabrskaya-strana-fb2', 67,  2, '/book.fb2' );
insert into book_file  (hash,  book_id,  type_id,  path) values ( 'lekarstvo-ot-melankholii-fb2', 68,  2, '/book.fb2' );
insert into book_file  (hash,  book_id,  type_id,  path) values ( 'r-znachit-raketa-fb2', 69,  2, '/book.fb2' );
insert into book_file  (hash,  book_id,  type_id,  path) values ( 'mekhanizmy-radosti-fb2', 70,  2, '/book.fb2' );
insert into book_file  (hash,  book_id,  type_id,  path) values ( 'daleko-za-polnoch-fb2', 71,  2, '/book.fb2' );
insert into book_file  (hash,  book_id,  type_id,  path) values ( 'istorii-o-dinozavrakh-fb2', 72,  2, '/book.fb2' );
insert into book_file  (hash,  book_id,  type_id,  path) values ( 'k-zapadu-ot-oktyabrya-fb2', 73,  2, '/book.fb2' );
insert into book_file  (hash,  book_id,  type_id,  path) values ( 'v-mgnovene-oka-fb2', 74,  2, '/book.fb2' );
insert into book_file  (hash,  book_id,  type_id,  path) values ( 'nadvigaetsya-beda-fb2', 75,  2, '/book.fb2' );
insert into book_file  (hash,  book_id,  type_id,  path) values ( 'anna-karenina-epub', 1,  3, '/book.epub' );
insert into book_file  (hash,  book_id,  type_id,  path) values ( 'prestuplenie-i-nakazanie-epub', 2,  3, '/book.epub' );
insert into book_file  (hash,  book_id,  type_id,  path) values ( 'voyna-i-mir-epub', 3,  3, '/book.epub' );
insert into book_file  (hash,  book_id,  type_id,  path) values ( 'idiot-epub', 4,  3, '/book.epub' );
insert into book_file  (hash,  book_id,  type_id,  path) values ( 'master-i-margarita-epub', 5,  3, '/book.epub' );
insert into book_file  (hash,  book_id,  type_id,  path) values ( 'myortvye-dushi-epub', 6,  3, '/book.epub' );
insert into book_file  (hash,  book_id,  type_id,  path) values ( 'sobache-serdtse-epub', 7,  3, '/book.epub' );
insert into book_file  (hash,  book_id,  type_id,  path) values ( 'evgeniy-onegin-epub', 8,  3, '/book.epub' );
insert into book_file  (hash,  book_id,  type_id,  path) values ( 'fathers-and-sons-epub', 9,  3, '/book.epub' );
insert into book_file  (hash,  book_id,  type_id,  path) values ( 'tales-of-belkin-epub', 10,  3, '/book.epub' );
insert into book_file  (hash,  book_id,  type_id,  path) values ( 'stories-epub', 11,  3, '/book.epub' );
insert into book_file  (hash,  book_id,  type_id,  path) values ( 'woe-from-wit-epub', 12,  3, '/book.epub' );
insert into book_file  (hash,  book_id,  type_id,  path) values ( 'one-story-america-epub', 13,  3, '/book.epub' );
insert into book_file  (hash,  book_id,  type_id,  path) values ( 'garri-potter-i-uznik-azkabana-epub', 14,  3, '/book.epub' );
insert into book_file  (hash,  book_id,  type_id,  path) values ( '451-po-farengeytu-epub', 15,  3, '/book.epub' );
insert into book_file  (hash,  book_id,  type_id,  path) values ( '1984-epub', 16,  3, '/book.epub' );
insert into book_file  (hash,  book_id,  type_id,  path) values ( 'shantaram-epub', 17,  3, '/book.epub' );
insert into book_file  (hash,  book_id,  type_id,  path) values ( 'tri-tovarishcha-epub', 18,  3, '/book.epub' );
insert into book_file  (hash,  book_id,  type_id,  path) values ( 'tsvety-dlya-eldzhernona-epub', 19,  3, '/book.epub' );
insert into book_file  (hash,  book_id,  type_id,  path) values ( 'portret-doriana-greya-epub', 20,  3, '/book.epub' );
insert into book_file  (hash,  book_id,  type_id,  path) values ( 'malenkiy-prints-epub', 21,  3, '/book.epub' );
insert into book_file  (hash,  book_id,  type_id,  path) values ( 'nad-propastyu-vo-rzhi-epub', 22,  3, '/book.epub' );
insert into book_file  (hash,  book_id,  type_id,  path) values ( 'vino-iz-oduvanchikov-epub', 23,  3, '/book.epub' );
insert into book_file  (hash,  book_id,  type_id,  path) values ( 'atlant-raspravil-plechi-epub', 24,  3, '/book.epub' );
insert into book_file  (hash,  book_id,  type_id,  path) values ( 'ubit-peresmeshnika-epub', 25,  3, '/book.epub' );
insert into book_file  (hash,  book_id,  type_id,  path) values ( 'sto-let-odinochestva-epub', 26,  3, '/book.epub' );
insert into book_file  (hash,  book_id,  type_id,  path) values ( 'dvenadtsat-stulev-epub', 27,  3, '/book.epub' );
insert into book_file  (hash,  book_id,  type_id,  path) values ( 'triumfalnaya-arka-epub', 28,  3, '/book.epub' );
insert into book_file  (hash,  book_id,  type_id,  path) values ( 'graf-monte-kristo-epub', 29,  3, '/book.epub' );
insert into book_file  (hash,  book_id,  type_id,  path) values ( 'velikiy-getsbi-epub', 30,  3, '/book.epub' );
insert into book_file  (hash,  book_id,  type_id,  path) values ( 'garri-potter-i-filosofskiy-kamen-epub', 31,  3, '/book.epub' );
insert into book_file  (hash,  book_id,  type_id,  path) values ( 'zhizn-vzaymy-epub', 32,  3, '/book.epub' );
insert into book_file  (hash,  book_id,  type_id,  path) values ( 'gordost-i-predubezhdenie-epub', 33,  3, '/book.epub' );
insert into book_file  (hash,  book_id,  type_id,  path) values ( 'boytsovskiy-klub-epub', 34,  3, '/book.epub' );
insert into book_file  (hash,  book_id,  type_id,  path) values ( 'knizhnyy-vor-epub', 35,  3, '/book.epub' );
insert into book_file  (hash,  book_id,  type_id,  path) values ( 'zelyonaya-milya-epub', 36,  3, '/book.epub' );
insert into book_file  (hash,  book_id,  type_id,  path) values ( 'o-divnyy-novyy-mir-epub', 37,  3, '/book.epub' );
insert into book_file  (hash,  book_id,  type_id,  path) values ( 'geroy-nashego-vremeni-epub', 38,  3, '/book.epub' );
insert into book_file  (hash,  book_id,  type_id,  path) values ( 'marsianin-epub', 39,  3, '/book.epub' );
insert into book_file  (hash,  book_id,  type_id,  path) values ( 'bratya-karamazovy-epub', 40,  3, '/book.epub' );
insert into book_file  (hash,  book_id,  type_id,  path) values ( 'unesyonnye-vetrom-epub', 41,  3, '/book.epub' );
insert into book_file  (hash,  book_id,  type_id,  path) values ( 'dom-v-kotorom-epub', 42,  3, '/book.epub' );
insert into book_file  (hash,  book_id,  type_id,  path) values ( 'garri-potter-i-orden-feniksa-epub', 43,  3, '/book.epub' );
insert into book_file  (hash,  book_id,  type_id,  path) values ( 'ponedelnik-nachinaetsya-v-subbotu-epub', 44,  3, '/book.epub' );
insert into book_file  (hash,  book_id,  type_id,  path) values ( 'alkhimik-epub', 45,  3, '/book.epub' );
insert into book_file  (hash,  book_id,  type_id,  path) values ( 'besy-epub', 46,  3, '/book.epub' );
insert into book_file  (hash,  book_id,  type_id,  path) values ( 'garri-potter-i-taynaya-komnata-epub', 47,  3, '/book.epub' );
insert into book_file  (hash,  book_id,  type_id,  path) values ( 'igra-prestolov-epub', 48,  3, '/book.epub' );
insert into book_file  (hash,  book_id,  type_id,  path) values ( 'garri-potter-i-kubok-ognya-epub', 49,  3, '/book.epub' );
insert into book_file  (hash,  book_id,  type_id,  path) values ( 'starik-i-more-epub', 50,  3, '/book.epub' );
insert into book_file  (hash,  book_id,  type_id,  path) values ( 'vlastelin-kolets-epub', 51,  3, '/book.epub' );
insert into book_file  (hash,  book_id,  type_id,  path) values ( 'odinochestvo-v-seti-epub', 52,  3, '/book.epub' );
insert into book_file  (hash,  book_id,  type_id,  path) values ( 'marsianskie-khroniki-epub', 53,  3, '/book.epub' );
insert into book_file  (hash,  book_id,  type_id,  path) values ( 'kanun-vsekh-svyatykh-epub', 54,  3, '/book.epub' );
insert into book_file  (hash,  book_id,  type_id,  path) values ( 'smert-delo-odinokoe-epub', 55,  3, '/book.epub' );
insert into book_file  (hash,  book_id,  type_id,  path) values ( 'kladbishche-dlya-bezumtsev-eshche-odna-povest-o-dvukh-gorodakh-epub', 56,  3, '/book.epub' );
insert into book_file  (hash,  book_id,  type_id,  path) values ( 'zelenye-teni-belyy-kit-epub', 57,  3, '/book.epub' );
insert into book_file  (hash,  book_id,  type_id,  path) values ( 'iz-prakha-vosstavshie-epub', 58,  3, '/book.epub' );
insert into book_file  (hash,  book_id,  type_id,  path) values ( 'davayte-vse-ubem-konstantsiyu-epub', 59,  3, '/book.epub' );
insert into book_file  (hash,  book_id,  type_id,  path) values ( 'leto-proshchay-epub', 60,  3, '/book.epub' );
insert into book_file  (hash,  book_id,  type_id,  path) values ( 'led-i-plamya-epub', 61,  3, '/book.epub' );
insert into book_file  (hash,  book_id,  type_id,  path) values ( 'revun-epub', 62,  3, '/book.epub' );
insert into book_file  (hash,  book_id,  type_id,  path) values ( 'chikagskaya-bezdna-epub', 63,  3, '/book.epub' );
insert into book_file  (hash,  book_id,  type_id,  path) values ( 'temnyy-karnaval-sbornik-epub', 64,  3, '/book.epub' );
insert into book_file  (hash,  book_id,  type_id,  path) values ( 'chelovek-v-kartinkakh-epub', 65,  3, '/book.epub' );
insert into book_file  (hash,  book_id,  type_id,  path) values ( 'zolotye-yabloki-solntsa-epub', 66,  3, '/book.epub' );
insert into book_file  (hash,  book_id,  type_id,  path) values ( 'oktyabrskaya-strana-epub', 67,  3, '/book.epub' );
insert into book_file  (hash,  book_id,  type_id,  path) values ( 'lekarstvo-ot-melankholii-epub', 68,  3, '/book.epub' );
insert into book_file  (hash,  book_id,  type_id,  path) values ( 'r-znachit-raketa-epub', 69,  3, '/book.epub' );
insert into book_file  (hash,  book_id,  type_id,  path) values ( 'mekhanizmy-radosti-epub', 70,  3, '/book.epub' );
insert into book_file  (hash,  book_id,  type_id,  path) values ( 'daleko-za-polnoch-epub', 71,  3, '/book.epub' );
insert into book_file  (hash,  book_id,  type_id,  path) values ( 'istorii-o-dinozavrakh-epub', 72,  3, '/book.epub' );
insert into book_file  (hash,  book_id,  type_id,  path) values ( 'k-zapadu-ot-oktyabrya-epub', 73,  3, '/book.epub' );
insert into book_file  (hash,  book_id,  type_id,  path) values ( 'v-mgnovene-oka-epub', 74,  3, '/book.epub' );
insert into book_file  (hash,  book_id,  type_id,  path) values ( 'nadvigaetsya-beda-epub', 75,  3, '/book.epub' );