<?xml version="1.0" encoding="UTF-8" standalone="no"?>
<databaseChangeLog xmlns="http://www.liquibase.org/xml/ns/dbchangelog" xmlns:ext="http://www.liquibase.org/xml/ns/dbchangelog-ext" xmlns:xsi="http://www.w3.org/2001/XMLSchema-instance" xsi:schemaLocation="http://www.liquibase.org/xml/ns/dbchangelog-ext http://www.liquibase.org/xml/ns/dbchangelog/dbchangelog-ext.xsd http://www.liquibase.org/xml/ns/dbchangelog http://www.liquibase.org/xml/ns/dbchangelog/dbchangelog-3.4.xsd">
    <changeSet author="Admin (generated)" id="1654874088554-1">
        <createSequence sequenceName="authors_id_seq"/>
    </changeSet>
    <changeSet author="Admin (generated)" id="1654874088554-2">
        <createSequence sequenceName="authors_id_seq1"/>
    </changeSet>
    <changeSet author="Admin (generated)" id="1654874088554-3">
        <createSequence sequenceName="authors_id_seq2"/>
    </changeSet>
    <changeSet author="Admin (generated)" id="1654874088554-4">
        <createSequence sequenceName="authors_id_seq3"/>
    </changeSet>
    <changeSet author="Admin (generated)" id="1654874088554-5">
        <createSequence sequenceName="authors_id_seq4"/>
    </changeSet>
    <changeSet author="Admin (generated)" id="1654874088554-6">
        <createSequence sequenceName="authors_id_seq5"/>
    </changeSet>
    <changeSet author="Admin (generated)" id="1654874088554-7">
        <createSequence sequenceName="authors_id_seq6"/>
    </changeSet>
    <changeSet author="Admin (generated)" id="1654874088554-8">
        <createSequence sequenceName="authors_id_seq7"/>
    </changeSet>
    <changeSet author="Admin (generated)" id="1654874088554-9">
        <createSequence sequenceName="authors_id_seq8"/>
    </changeSet>
    <changeSet author="Admin (generated)" id="1654874088554-10">
        <createSequence sequenceName="balance_transaction_id_seq"/>
    </changeSet>
    <changeSet author="Admin (generated)" id="1654874088554-11">
        <createSequence sequenceName="balance_transaction_id_seq1"/>
    </changeSet>
    <changeSet author="Admin (generated)" id="1654874088554-12">
        <createSequence sequenceName="balance_transaction_id_seq2"/>
    </changeSet>
    <changeSet author="Admin (generated)" id="1654874088554-13">
        <createSequence sequenceName="balance_transaction_id_seq3"/>
    </changeSet>
    <changeSet author="Admin (generated)" id="1654874088554-14">
        <createSequence sequenceName="balance_transaction_id_seq4"/>
    </changeSet>
    <changeSet author="Admin (generated)" id="1654874088554-15">
        <createSequence sequenceName="balance_transaction_id_seq5"/>
    </changeSet>
    <changeSet author="Admin (generated)" id="1654874088554-16">
        <createSequence sequenceName="balance_transaction_id_seq6"/>
    </changeSet>
    <changeSet author="Admin (generated)" id="1654874088554-17">
        <createSequence sequenceName="balance_transaction_id_seq7"/>
    </changeSet>
    <changeSet author="Admin (generated)" id="1654874088554-18">
        <createSequence sequenceName="book2author_id_seq"/>
    </changeSet>
    <changeSet author="Admin (generated)" id="1654874088554-19">
        <createSequence sequenceName="book2genre_id_seq"/>
    </changeSet>
    <changeSet author="Admin (generated)" id="1654874088554-20">
        <createSequence sequenceName="book2genre_id_seq1"/>
    </changeSet>
    <changeSet author="Admin (generated)" id="1654874088554-21">
        <createSequence sequenceName="book2user_id_seq"/>
    </changeSet>
    <changeSet author="Admin (generated)" id="1654874088554-22">
        <createSequence sequenceName="book2user_id_seq1"/>
    </changeSet>
    <changeSet author="Admin (generated)" id="1654874088554-23">
        <createSequence sequenceName="book2user_type_id_seq"/>
    </changeSet>
    <changeSet author="Admin (generated)" id="1654874088554-24">
        <createSequence sequenceName="book2user_type_id_seq1"/>
    </changeSet>
    <changeSet author="Admin (generated)" id="1654874088554-25">
        <createSequence sequenceName="book2user_type_id_seq2"/>
    </changeSet>
    <changeSet author="Admin (generated)" id="1654874088554-26">
        <createSequence sequenceName="book2user_type_id_seq3"/>
    </changeSet>
    <changeSet author="Admin (generated)" id="1654874088554-27">
        <createSequence sequenceName="book2user_type_id_seq4"/>
    </changeSet>
    <changeSet author="Admin (generated)" id="1654874088554-28">
        <createSequence sequenceName="book2user_type_id_seq5"/>
    </changeSet>
    <changeSet author="Admin (generated)" id="1654874088554-29">
        <createSequence sequenceName="book2user_type_id_seq6"/>
    </changeSet>
    <changeSet author="Admin (generated)" id="1654874088554-30">
        <createSequence sequenceName="book2user_type_id_seq7"/>
    </changeSet>
    <changeSet author="Admin (generated)" id="1654874088554-31">
        <createSequence sequenceName="book_file_id_seq"/>
    </changeSet>
    <changeSet author="Admin (generated)" id="1654874088554-32">
        <createSequence sequenceName="book_file_id_seq1"/>
    </changeSet>
    <changeSet author="Admin (generated)" id="1654874088554-33">
        <createSequence sequenceName="book_file_id_seq2"/>
    </changeSet>
    <changeSet author="Admin (generated)" id="1654874088554-34">
        <createSequence sequenceName="book_file_id_seq3"/>
    </changeSet>
    <changeSet author="Admin (generated)" id="1654874088554-35">
        <createSequence sequenceName="book_file_id_seq4"/>
    </changeSet>
    <changeSet author="Admin (generated)" id="1654874088554-36">
        <createSequence sequenceName="book_file_id_seq5"/>
    </changeSet>
    <changeSet author="Admin (generated)" id="1654874088554-37">
        <createSequence sequenceName="book_file_id_seq6"/>
    </changeSet>
    <changeSet author="Admin (generated)" id="1654874088554-38">
        <createSequence sequenceName="book_file_type_id_seq"/>
    </changeSet>
    <changeSet author="Admin (generated)" id="1654874088554-39">
        <createSequence sequenceName="book_file_type_id_seq1"/>
    </changeSet>
    <changeSet author="Admin (generated)" id="1654874088554-40">
        <createSequence sequenceName="book_file_type_id_seq2"/>
    </changeSet>
    <changeSet author="Admin (generated)" id="1654874088554-41">
        <createSequence sequenceName="book_file_type_id_seq3"/>
    </changeSet>
    <changeSet author="Admin (generated)" id="1654874088554-42">
        <createSequence sequenceName="book_file_type_id_seq4"/>
    </changeSet>
    <changeSet author="Admin (generated)" id="1654874088554-43">
        <createSequence sequenceName="book_file_type_id_seq5"/>
    </changeSet>
    <changeSet author="Admin (generated)" id="1654874088554-44">
        <createSequence sequenceName="book_file_type_id_seq6"/>
    </changeSet>
    <changeSet author="Admin (generated)" id="1654874088554-45">
        <createSequence sequenceName="book_file_type_id_seq7"/>
    </changeSet>
    <changeSet author="Admin (generated)" id="1654874088554-46">
        <createSequence sequenceName="book_review_id_seq"/>
    </changeSet>
    <changeSet author="Admin (generated)" id="1654874088554-47">
        <createSequence sequenceName="book_review_id_seq1"/>
    </changeSet>
    <changeSet author="Admin (generated)" id="1654874088554-48">
        <createSequence sequenceName="book_review_id_seq2"/>
    </changeSet>
    <changeSet author="Admin (generated)" id="1654874088554-49">
        <createSequence sequenceName="book_review_id_seq3"/>
    </changeSet>
    <changeSet author="Admin (generated)" id="1654874088554-50">
        <createSequence sequenceName="book_review_id_seq4"/>
    </changeSet>
    <changeSet author="Admin (generated)" id="1654874088554-51">
        <createSequence sequenceName="book_review_id_seq5"/>
    </changeSet>
    <changeSet author="Admin (generated)" id="1654874088554-52">
        <createSequence sequenceName="book_review_id_seq6"/>
    </changeSet>
    <changeSet author="Admin (generated)" id="1654874088554-53">
        <createSequence sequenceName="book_review_id_seq7"/>
    </changeSet>
    <changeSet author="Admin (generated)" id="1654874088554-54">
        <createSequence sequenceName="book_review_like_id_seq"/>
    </changeSet>
    <changeSet author="Admin (generated)" id="1654874088554-55">
        <createSequence sequenceName="book_review_like_id_seq1"/>
    </changeSet>
    <changeSet author="Admin (generated)" id="1654874088554-56">
        <createSequence sequenceName="book_review_like_id_seq2"/>
    </changeSet>
    <changeSet author="Admin (generated)" id="1654874088554-57">
        <createSequence sequenceName="book_review_like_id_seq3"/>
    </changeSet>
    <changeSet author="Admin (generated)" id="1654874088554-58">
        <createSequence sequenceName="book_review_like_id_seq4"/>
    </changeSet>
    <changeSet author="Admin (generated)" id="1654874088554-59">
        <createSequence sequenceName="book_review_like_id_seq5"/>
    </changeSet>
    <changeSet author="Admin (generated)" id="1654874088554-60">
        <createSequence sequenceName="book_review_like_id_seq6"/>
    </changeSet>
    <changeSet author="Admin (generated)" id="1654874088554-61">
        <createSequence sequenceName="book_review_like_id_seq7"/>
    </changeSet>
    <changeSet author="Admin (generated)" id="1654874088554-62">
        <createSequence sequenceName="books_id_seq"/>
    </changeSet>
    <changeSet author="Admin (generated)" id="1654874088554-63">
        <createSequence sequenceName="books_id_seq1"/>
    </changeSet>
    <changeSet author="Admin (generated)" id="1654874088554-64">
        <createSequence sequenceName="books_id_seq2"/>
    </changeSet>
    <changeSet author="Admin (generated)" id="1654874088554-65">
        <createSequence sequenceName="books_id_seq3"/>
    </changeSet>
    <changeSet author="Admin (generated)" id="1654874088554-66">
        <createSequence sequenceName="books_id_seq4"/>
    </changeSet>
    <changeSet author="Admin (generated)" id="1654874088554-67">
        <createSequence sequenceName="books_id_seq5"/>
    </changeSet>
    <changeSet author="Admin (generated)" id="1654874088554-68">
        <createSequence sequenceName="books_id_seq6"/>
    </changeSet>
    <changeSet author="Admin (generated)" id="1654874088554-69">
        <createSequence sequenceName="books_id_seq7"/>
    </changeSet>
    <changeSet author="Admin (generated)" id="1654874088554-70">
        <createSequence sequenceName="books_id_seq8"/>
    </changeSet>
    <changeSet author="Admin (generated)" id="1654874088554-71">
        <createSequence sequenceName="document_id_seq"/>
    </changeSet>
    <changeSet author="Admin (generated)" id="1654874088554-72">
        <createSequence sequenceName="document_id_seq1"/>
    </changeSet>
    <changeSet author="Admin (generated)" id="1654874088554-73">
        <createSequence sequenceName="document_id_seq2"/>
    </changeSet>
    <changeSet author="Admin (generated)" id="1654874088554-74">
        <createSequence sequenceName="document_id_seq3"/>
    </changeSet>
    <changeSet author="Admin (generated)" id="1654874088554-75">
        <createSequence sequenceName="document_id_seq4"/>
    </changeSet>
    <changeSet author="Admin (generated)" id="1654874088554-76">
        <createSequence sequenceName="document_id_seq5"/>
    </changeSet>
    <changeSet author="Admin (generated)" id="1654874088554-77">
        <createSequence sequenceName="document_id_seq6"/>
    </changeSet>
    <changeSet author="Admin (generated)" id="1654874088554-78">
        <createSequence sequenceName="document_id_seq7"/>
    </changeSet>
    <changeSet author="Admin (generated)" id="1654874088554-79">
        <createSequence sequenceName="faq_id_seq"/>
    </changeSet>
    <changeSet author="Admin (generated)" id="1654874088554-80">
        <createSequence sequenceName="faq_id_seq1"/>
    </changeSet>
    <changeSet author="Admin (generated)" id="1654874088554-81">
        <createSequence sequenceName="faq_id_seq2"/>
    </changeSet>
    <changeSet author="Admin (generated)" id="1654874088554-82">
        <createSequence sequenceName="faq_id_seq3"/>
    </changeSet>
    <changeSet author="Admin (generated)" id="1654874088554-83">
        <createSequence sequenceName="faq_id_seq4"/>
    </changeSet>
    <changeSet author="Admin (generated)" id="1654874088554-84">
        <createSequence sequenceName="faq_id_seq5"/>
    </changeSet>
    <changeSet author="Admin (generated)" id="1654874088554-85">
        <createSequence sequenceName="faq_id_seq6"/>
    </changeSet>
    <changeSet author="Admin (generated)" id="1654874088554-86">
        <createSequence sequenceName="faq_id_seq7"/>
    </changeSet>
    <changeSet author="Admin (generated)" id="1654874088554-87">
        <createSequence sequenceName="file_download_id_seq"/>
    </changeSet>
    <changeSet author="Admin (generated)" id="1654874088554-88">
        <createSequence sequenceName="file_download_id_seq1"/>
    </changeSet>
    <changeSet author="Admin (generated)" id="1654874088554-89">
        <createSequence sequenceName="file_download_id_seq2"/>
    </changeSet>
    <changeSet author="Admin (generated)" id="1654874088554-90">
        <createSequence sequenceName="file_download_id_seq3"/>
    </changeSet>
    <changeSet author="Admin (generated)" id="1654874088554-91">
        <createSequence sequenceName="file_download_id_seq4"/>
    </changeSet>
    <changeSet author="Admin (generated)" id="1654874088554-92">
        <createSequence sequenceName="file_download_id_seq5"/>
    </changeSet>
    <changeSet author="Admin (generated)" id="1654874088554-93">
        <createSequence sequenceName="file_download_id_seq6"/>
    </changeSet>
    <changeSet author="Admin (generated)" id="1654874088554-94">
        <createSequence sequenceName="file_download_id_seq7"/>
    </changeSet>
    <changeSet author="Admin (generated)" id="1654874088554-95">
        <createSequence sequenceName="genre_id_seq"/>
    </changeSet>
    <changeSet author="Admin (generated)" id="1654874088554-96">
        <createSequence sequenceName="genre_id_seq1"/>
    </changeSet>
    <changeSet author="Admin (generated)" id="1654874088554-97">
        <createSequence sequenceName="genre_id_seq2"/>
    </changeSet>
    <changeSet author="Admin (generated)" id="1654874088554-98">
        <createSequence sequenceName="genre_id_seq3"/>
    </changeSet>
    <changeSet author="Admin (generated)" id="1654874088554-99">
        <createSequence sequenceName="genre_id_seq4"/>
    </changeSet>
    <changeSet author="Admin (generated)" id="1654874088554-100">
        <createSequence sequenceName="genre_id_seq5"/>
    </changeSet>
    <changeSet author="Admin (generated)" id="1654874088554-101">
        <createSequence sequenceName="genre_id_seq6"/>
    </changeSet>
    <changeSet author="Admin (generated)" id="1654874088554-102">
        <createSequence sequenceName="genre_id_seq7"/>
    </changeSet>
    <changeSet author="Admin (generated)" id="1654874088554-103">
        <createSequence sequenceName="message_id_seq"/>
    </changeSet>
    <changeSet author="Admin (generated)" id="1654874088554-104">
        <createSequence sequenceName="message_id_seq1"/>
    </changeSet>
    <changeSet author="Admin (generated)" id="1654874088554-105">
        <createSequence sequenceName="message_id_seq2"/>
    </changeSet>
    <changeSet author="Admin (generated)" id="1654874088554-106">
        <createSequence sequenceName="message_id_seq3"/>
    </changeSet>
    <changeSet author="Admin (generated)" id="1654874088554-107">
        <createSequence sequenceName="message_id_seq4"/>
    </changeSet>
    <changeSet author="Admin (generated)" id="1654874088554-108">
        <createSequence sequenceName="message_id_seq5"/>
    </changeSet>
    <changeSet author="Admin (generated)" id="1654874088554-109">
        <createSequence sequenceName="message_id_seq6"/>
    </changeSet>
    <changeSet author="Admin (generated)" id="1654874088554-110">
        <createSequence sequenceName="message_id_seq7"/>
    </changeSet>
    <changeSet author="Admin (generated)" id="1654874088554-111">
        <createSequence sequenceName="tags_id_seq"/>
    </changeSet>
    <changeSet author="Admin (generated)" id="1654874088554-112">
        <createSequence sequenceName="tags_id_seq1"/>
    </changeSet>
    <changeSet author="Admin (generated)" id="1654874088554-113">
        <createSequence sequenceName="tags_id_seq2"/>
    </changeSet>
    <changeSet author="Admin (generated)" id="1654874088554-114">
        <createSequence sequenceName="tags_id_seq3"/>
    </changeSet>
    <changeSet author="Admin (generated)" id="1654874088554-115">
        <createSequence sequenceName="tags_id_seq4"/>
    </changeSet>
    <changeSet author="Admin (generated)" id="1654874088554-116">
        <createSequence sequenceName="test_entity_id_seq"/>
    </changeSet>
    <changeSet author="Admin (generated)" id="1654874088554-117">
        <createSequence sequenceName="user_contact_id_seq"/>
    </changeSet>
    <changeSet author="Admin (generated)" id="1654874088554-118">
        <createSequence sequenceName="user_contact_id_seq1"/>
    </changeSet>
    <changeSet author="Admin (generated)" id="1654874088554-119">
        <createSequence sequenceName="user_contact_id_seq2"/>
    </changeSet>
    <changeSet author="Admin (generated)" id="1654874088554-120">
        <createSequence sequenceName="user_contact_id_seq3"/>
    </changeSet>
    <changeSet author="Admin (generated)" id="1654874088554-121">
        <createSequence sequenceName="user_contact_id_seq4"/>
    </changeSet>
    <changeSet author="Admin (generated)" id="1654874088554-122">
        <createSequence sequenceName="user_contact_id_seq5"/>
    </changeSet>
    <changeSet author="Admin (generated)" id="1654874088554-123">
        <createSequence sequenceName="user_contact_id_seq6"/>
    </changeSet>
    <changeSet author="Admin (generated)" id="1654874088554-124">
        <createSequence sequenceName="user_contact_id_seq7"/>
    </changeSet>
    <changeSet author="Admin (generated)" id="1654874088554-125">
        <createSequence sequenceName="users_id_seq"/>
    </changeSet>
    <changeSet author="Admin (generated)" id="1654874088554-126">
        <createSequence sequenceName="users_id_seq1"/>
    </changeSet>
    <changeSet author="Admin (generated)" id="1654874088554-127">
        <createSequence sequenceName="users_id_seq2"/>
    </changeSet>
    <changeSet author="Admin (generated)" id="1654874088554-128">
        <createSequence sequenceName="users_id_seq3"/>
    </changeSet>
    <changeSet author="Admin (generated)" id="1654874088554-129">
        <createSequence sequenceName="users_id_seq4"/>
    </changeSet>
    <changeSet author="Admin (generated)" id="1654874088554-130">
        <createSequence sequenceName="users_id_seq5"/>
    </changeSet>
    <changeSet author="Admin (generated)" id="1654874088554-131">
        <createSequence sequenceName="users_id_seq6"/>
    </changeSet>
    <changeSet author="Admin (generated)" id="1654874088554-132">
        <createSequence sequenceName="users_id_seq7"/>
    </changeSet>
    <changeSet author="Admin (generated)" id="1654874088554-133">
        <createTable tableName="authors">
            <column autoIncrement="true" name="id" type="SERIAL">
                <constraints primaryKey="true" primaryKeyName="authors_pkey"/>
            </column>
            <column name="description" type="TEXT">
                <constraints nullable="false"/>
            </column>
            <column name="name" type="VARCHAR(255)">
                <constraints nullable="false"/>
            </column>
            <column name="photo" type="VARCHAR(255)"/>
            <column name="slug" type="VARCHAR(255)">
                <constraints nullable="false"/>
            </column>
        </createTable>
    </changeSet>
    <changeSet author="Admin (generated)" id="1654874088554-134">
        <createTable tableName="balance_transaction">
            <column autoIncrement="true" name="id" type="SERIAL">
                <constraints primaryKey="true" primaryKeyName="balance_transaction_pkey"/>
            </column>
            <column name="description" type="TEXT">
                <constraints nullable="false"/>
            </column>
            <column name="time" type="date">
                <constraints nullable="false"/>
            </column>
            <column defaultValueNumeric="0" name="value" type="INT">
                <constraints nullable="false"/>
            </column>
            <column name="book_id" type="INT">
                <constraints nullable="false"/>
            </column>
            <column name="user_id" type="INT">
                <constraints nullable="false"/>
            </column>
        </createTable>
    </changeSet>
    <changeSet author="Admin (generated)" id="1654874088554-135">
        <createTable tableName="book2author">
            <column name="author_id" type="INT">
                <constraints nullable="false"/>
            </column>
            <column name="book_id" type="INT">
                <constraints nullable="false"/>
            </column>
            <column defaultValueNumeric="0" name="sort_index" type="INT">
                <constraints nullable="false"/>
            </column>
        </createTable>
    </changeSet>
    <changeSet author="Admin (generated)" id="1654874088554-136">
        <createTable tableName="book2genre">
            <column name="book_id" type="INT">
                <constraints nullable="false"/>
            </column>
            <column name="genre_id" type="INT">
                <constraints nullable="false"/>
            </column>
        </createTable>
    </changeSet>
    <changeSet author="Admin (generated)" id="1654874088554-137">
        <createTable tableName="book2tag">
            <column name="book_id" type="INT">
                <constraints nullable="false"/>
            </column>
            <column name="tag_id" type="INT">
                <constraints nullable="false"/>
            </column>
        </createTable>
    </changeSet>
    <changeSet author="Admin (generated)" id="1654874088554-138">
        <createTable tableName="book2user">
            <column name="book_id" type="INT">
                <constraints nullable="false"/>
            </column>
            <column name="user_id" type="INT">
                <constraints nullable="false"/>
            </column>
            <column name="time" type="date">
                <constraints nullable="false"/>
            </column>
            <column name="type_id" type="INT"/>
        </createTable>
    </changeSet>
    <changeSet author="Admin (generated)" id="1654874088554-139">
        <createTable tableName="book2user_type">
            <column autoIncrement="true" name="id" type="SERIAL">
                <constraints primaryKey="true" primaryKeyName="book2user_type_pkey"/>
            </column>
            <column name="code" type="VARCHAR(255)">
                <constraints nullable="false"/>
            </column>
            <column name="name" type="VARCHAR(255)">
                <constraints nullable="false"/>
            </column>
        </createTable>
    </changeSet>
    <changeSet author="Admin (generated)" id="1654874088554-140">
        <createTable tableName="book_file">
            <column autoIncrement="true" name="id" type="SERIAL">
                <constraints primaryKey="true" primaryKeyName="book_file_pkey"/>
            </column>
            <column name="hash" type="VARCHAR(255)">
                <constraints nullable="false"/>
            </column>
            <column name="path" type="VARCHAR(255)">
                <constraints nullable="false"/>
            </column>
            <column name="book_id" type="INT"/>
            <column name="type_id" type="INT">
                <constraints nullable="false"/>
            </column>
        </createTable>
    </changeSet>
    <changeSet author="Admin (generated)" id="1654874088554-141">
        <createTable tableName="book_file_type">
            <column autoIncrement="true" name="id" type="SERIAL">
                <constraints primaryKey="true" primaryKeyName="book_file_type_pkey"/>
            </column>
            <column name="description" type="TEXT"/>
            <column name="name" type="VARCHAR(255)">
                <constraints nullable="false"/>
            </column>
        </createTable>
    </changeSet>
    <changeSet author="Admin (generated)" id="1654874088554-142">
        <createTable tableName="book_review">
            <column autoIncrement="true" name="id" type="SERIAL">
                <constraints primaryKey="true" primaryKeyName="book_review_pkey"/>
            </column>
            <column name="text" type="TEXT">
                <constraints nullable="false"/>
            </column>
            <column name="time" type="date">
                <constraints nullable="false"/>
            </column>
            <column name="book_id" type="INT">
                <constraints nullable="false"/>
            </column>
            <column name="user_id" type="INT">
                <constraints nullable="false"/>
            </column>
        </createTable>
    </changeSet>
    <changeSet author="Admin (generated)" id="1654874088554-143">
        <createTable tableName="book_review_like">
            <column autoIncrement="true" name="id" type="SERIAL">
                <constraints primaryKey="true" primaryKeyName="book_review_like_pkey"/>
            </column>
            <column name="time" type="date">
                <constraints nullable="false"/>
            </column>
            <column name="value" type="SMALLINT">
                <constraints nullable="false"/>
            </column>
            <column name="review_id" type="INT">
                <constraints nullable="false"/>
            </column>
            <column name="user_id" type="INT">
                <constraints nullable="false"/>
            </column>
        </createTable>
    </changeSet>
    <changeSet author="Admin (generated)" id="1654874088554-144">
        <createTable tableName="books">
            <column autoIncrement="true" name="id" type="SERIAL">
                <constraints primaryKey="true" primaryKeyName="books_pkey"/>
            </column>
            <column name="description" type="TEXT"/>
            <column defaultValueNumeric="0.0" name="discount" type="FLOAT8">
                <constraints nullable="false"/>
            </column>
            <column name="image" type="VARCHAR(255)">
                <constraints nullable="false"/>
            </column>
            <column name="is_bestseller" type="SMALLINT">
                <constraints nullable="false"/>
            </column>
            <column defaultValueNumeric="0.0" name="popularity" type="FLOAT8">
                <constraints nullable="false"/>
            </column>
            <column name="price" type="INT">
                <constraints nullable="false"/>
            </column>
            <column name="pub_date" type="date">
                <constraints nullable="false"/>
            </column>
            <column name="slug" type="VARCHAR(255)">
                <constraints nullable="false"/>
            </column>
            <column name="title" type="VARCHAR(255)">
                <constraints nullable="false"/>
            </column>
        </createTable>
    </changeSet>
    <changeSet author="Admin (generated)" id="1654874088554-145">
        <createTable tableName="document">
            <column autoIncrement="true" name="id" type="SERIAL">
                <constraints primaryKey="true" primaryKeyName="document_pkey"/>
            </column>
            <column name="slug" type="VARCHAR(255)">
                <constraints nullable="false"/>
            </column>
            <column defaultValueNumeric="0" name="sort_index" type="INT">
                <constraints nullable="false"/>
            </column>
            <column name="text" type="TEXT">
                <constraints nullable="false"/>
            </column>
            <column name="title" type="VARCHAR(255)">
                <constraints nullable="false"/>
            </column>
        </createTable>
    </changeSet>
    <changeSet author="Admin (generated)" id="1654874088554-146">
        <createTable tableName="faq">
            <column autoIncrement="true" name="id" type="SERIAL">
                <constraints primaryKey="true" primaryKeyName="faq_pkey"/>
            </column>
            <column name="answer" type="TEXT">
                <constraints nullable="false"/>
            </column>
            <column name="question" type="VARCHAR(255)">
                <constraints nullable="false"/>
            </column>
            <column defaultValueNumeric="0" name="sort_index" type="INT">
                <constraints nullable="false"/>
            </column>
        </createTable>
    </changeSet>
    <changeSet author="Admin (generated)" id="1654874088554-147">
        <createTable tableName="file_download">
            <column autoIncrement="true" name="id" type="SERIAL">
                <constraints primaryKey="true" primaryKeyName="file_download_pkey"/>
            </column>
            <column defaultValueNumeric="1" name="count" type="INT">
                <constraints nullable="false"/>
            </column>
            <column name="book_id" type="INT">
                <constraints nullable="false"/>
            </column>
            <column name="user_id" type="INT">
                <constraints nullable="false"/>
            </column>
        </createTable>
    </changeSet>
    <changeSet author="Admin (generated)" id="1654874088554-148">
        <createTable tableName="genre">
            <column autoIncrement="true" name="id" type="SERIAL">
                <constraints primaryKey="true" primaryKeyName="genre_pkey"/>
            </column>
            <column defaultValueNumeric="0" name="amount" type="SMALLINT">
                <constraints nullable="false"/>
            </column>
            <column name="name" type="VARCHAR(255)">
                <constraints nullable="false"/>
            </column>
            <column defaultValueNumeric="0" name="parent_id" type="INT">
                <constraints nullable="false"/>
            </column>
            <column name="slug" type="VARCHAR(255)">
                <constraints nullable="false"/>
            </column>
        </createTable>
    </changeSet>
    <changeSet author="Admin (generated)" id="1654874088554-149">
        <createTable tableName="message">
            <column autoIncrement="true" name="id" type="SERIAL">
                <constraints primaryKey="true" primaryKeyName="message_pkey"/>
            </column>
            <column name="email" type="VARCHAR(255)"/>
            <column name="name" type="VARCHAR(255)"/>
            <column name="subject" type="VARCHAR(255)">
                <constraints nullable="false"/>
            </column>
            <column name="text" type="TEXT">
                <constraints nullable="false"/>
            </column>
            <column name="time" type="date">
                <constraints nullable="false"/>
            </column>
            <column name="user_id" type="INT"/>
        </createTable>
    </changeSet>
    <changeSet author="Admin (generated)" id="1654874088554-150">
        <createTable tableName="tags">
            <column autoIncrement="true" name="id" type="SERIAL">
                <constraints primaryKey="true" primaryKeyName="tags_pkey"/>
            </column>
            <column defaultValueNumeric="0" name="amount" type="SMALLINT">
                <constraints nullable="false"/>
            </column>
            <column name="name" type="VARCHAR(255)">
                <constraints nullable="false"/>
            </column>
            <column name="slug" type="VARCHAR(255)">
                <constraints nullable="false"/>
            </column>
        </createTable>
    </changeSet>
    <changeSet author="Admin (generated)" id="1654874088554-151">
        <createTable tableName="user_contact">
            <column autoIncrement="true" name="id" type="SERIAL">
                <constraints primaryKey="true" primaryKeyName="user_contact_pkey"/>
            </column>
            <column name="approved" type="SMALLINT">
                <constraints nullable="false"/>
            </column>
            <column name="code" type="VARCHAR(255)">
                <constraints nullable="false"/>
            </column>
            <column name="code_time" type="date"/>
            <column name="code_trails" type="INT"/>
            <column name="contact" type="VARCHAR(255)">
                <constraints nullable="false"/>
            </column>
            <column name="type" type="VARCHAR(255)"/>
            <column name="user_id" type="INT">
                <constraints nullable="false"/>
            </column>
        </createTable>
    </changeSet>
    <changeSet author="Admin (generated)" id="1654874088554-152">
        <createTable tableName="users">
            <column autoIncrement="true" name="id" type="SERIAL">
                <constraints primaryKey="true" primaryKeyName="users_pkey"/>
            </column>
            <column name="balance" type="INT">
                <constraints nullable="false"/>
            </column>
            <column name="hash" type="VARCHAR(255)">
                <constraints nullable="false"/>
            </column>
            <column name="name" type="VARCHAR(255)">
                <constraints nullable="false"/>
            </column>
            <column name="reg_time" type="date">
                <constraints nullable="false"/>
            </column>
        </createTable>
    </changeSet>
    <changeSet author="Admin (generated)" id="1654874088554-153">
        <addPrimaryKey columnNames="author_id, book_id" constraintName="book2author_pkey" tableName="book2author"/>
    </changeSet>
    <changeSet author="Admin (generated)" id="1654874088554-154">
        <addPrimaryKey columnNames="book_id, genre_id" constraintName="book2genre_pkey" tableName="book2genre"/>
    </changeSet>
    <changeSet author="Admin (generated)" id="1654874088554-155">
        <addPrimaryKey columnNames="book_id, tag_id" constraintName="book2tag_pkey" tableName="book2tag"/>
    </changeSet>
    <changeSet author="Admin (generated)" id="1654874088554-156">
        <addPrimaryKey columnNames="book_id, user_id" constraintName="book2user_pkey" tableName="book2user"/>
    </changeSet>
    <changeSet author="Admin (generated)" id="1654874088554-157">
        <addUniqueConstraint columnNames="user_id" constraintName="uk_gf3ye20ssuitmwm25hveokk1b" tableName="user_contact"/>
    </changeSet>
    <changeSet author="Admin (generated)" id="1654874088554-158">
        <addForeignKeyConstraint baseColumnNames="user_id" baseTableName="book2user" constraintName="fk1i8i82uo8kbv1wepiujenmj7x" deferrable="false" initiallyDeferred="false" onDelete="NO ACTION" onUpdate="NO ACTION" referencedColumnNames="id" referencedTableName="users"/>
    </changeSet>
    <changeSet author="Admin (generated)" id="1654874088554-159">
        <addForeignKeyConstraint baseColumnNames="author_id" baseTableName="book2author" constraintName="fk3hyom3yo5q6nfo9ytqofqil37" deferrable="false" initiallyDeferred="false" onDelete="NO ACTION" onUpdate="NO ACTION" referencedColumnNames="id" referencedTableName="authors"/>
    </changeSet>
    <changeSet author="Admin (generated)" id="1654874088554-160">
        <addForeignKeyConstraint baseColumnNames="book_id" baseTableName="book2author" constraintName="fk8joa8tens71ol1st4fd9hssph" deferrable="false" initiallyDeferred="false" onDelete="NO ACTION" onUpdate="NO ACTION" referencedColumnNames="id" referencedTableName="books"/>
    </changeSet>
    <changeSet author="Admin (generated)" id="1654874088554-161">
        <addForeignKeyConstraint baseColumnNames="type_id" baseTableName="book_file" constraintName="fkab7ynoex2ahy28trbmkk9uxu4" deferrable="false" initiallyDeferred="false" onDelete="NO ACTION" onUpdate="NO ACTION" referencedColumnNames="id" referencedTableName="book_file_type"/>
    </changeSet>
    <changeSet author="Admin (generated)" id="1654874088554-162">
        <addForeignKeyConstraint baseColumnNames="user_id" baseTableName="book_review_like" constraintName="fkbh4qufg71ntnx2v11gy8ldc5f" deferrable="false" initiallyDeferred="false" onDelete="NO ACTION" onUpdate="NO ACTION" referencedColumnNames="id" referencedTableName="users"/>
    </changeSet>
    <changeSet author="Admin (generated)" id="1654874088554-163">
        <addForeignKeyConstraint baseColumnNames="tag_id" baseTableName="book2tag" constraintName="fkbha16g6maqt9emet4pt8qq9" deferrable="false" initiallyDeferred="false" onDelete="NO ACTION" onUpdate="NO ACTION" referencedColumnNames="id" referencedTableName="tags"/>
    </changeSet>
    <changeSet author="Admin (generated)" id="1654874088554-164">
        <addForeignKeyConstraint baseColumnNames="book_id" baseTableName="book2genre" constraintName="fkceqa97sssb6d5xg7n8jtt5gqb" deferrable="false" initiallyDeferred="false" onDelete="NO ACTION" onUpdate="NO ACTION" referencedColumnNames="id" referencedTableName="books"/>
    </changeSet>
    <changeSet author="Admin (generated)" id="1654874088554-165">
        <addForeignKeyConstraint baseColumnNames="book_id" baseTableName="book2user" constraintName="fkd80i5quc7o0xb1d1k8ppqmtsu" deferrable="false" initiallyDeferred="false" onDelete="NO ACTION" onUpdate="NO ACTION" referencedColumnNames="id" referencedTableName="books"/>
    </changeSet>
    <changeSet author="Admin (generated)" id="1654874088554-166">
        <addForeignKeyConstraint baseColumnNames="book_id" baseTableName="balance_transaction" constraintName="fke2aw1i7lhjey4rskq9qhed9qs" deferrable="false" initiallyDeferred="false" onDelete="NO ACTION" onUpdate="NO ACTION" referencedColumnNames="id" referencedTableName="books"/>
    </changeSet>
    <changeSet author="Admin (generated)" id="1654874088554-167">
        <addForeignKeyConstraint baseColumnNames="user_id" baseTableName="file_download" constraintName="fkelm7ats7ftrgyvfn8a1xwhin9" deferrable="false" initiallyDeferred="false" onDelete="NO ACTION" onUpdate="NO ACTION" referencedColumnNames="id" referencedTableName="users"/>
    </changeSet>
    <changeSet author="Admin (generated)" id="1654874088554-168">
        <addForeignKeyConstraint baseColumnNames="book_id" baseTableName="book_file" constraintName="fkg7meofferi2glg6uwj2yhfmp9" deferrable="false" initiallyDeferred="false" onDelete="NO ACTION" onUpdate="NO ACTION" referencedColumnNames="id" referencedTableName="books"/>
    </changeSet>
    <changeSet author="Admin (generated)" id="1654874088554-169">
        <addForeignKeyConstraint baseColumnNames="book_id" baseTableName="book_review" constraintName="fkgme5o68sylsmw5hw0ys2x8iw8" deferrable="false" initiallyDeferred="false" onDelete="NO ACTION" onUpdate="NO ACTION" referencedColumnNames="id" referencedTableName="books"/>
    </changeSet>
    <changeSet author="Admin (generated)" id="1654874088554-170">
        <addForeignKeyConstraint baseColumnNames="type_id" baseTableName="book2user" constraintName="fkgshsph8qmeq54ntxrfcodb94" deferrable="false" initiallyDeferred="false" onDelete="NO ACTION" onUpdate="NO ACTION" referencedColumnNames="id" referencedTableName="book2user_type"/>
    </changeSet>
    <changeSet author="Admin (generated)" id="1654874088554-171">
        <addForeignKeyConstraint baseColumnNames="user_id" baseTableName="user_contact" constraintName="fkigqfory4r46pqd0sl4csnwp72" deferrable="false" initiallyDeferred="false" onDelete="NO ACTION" onUpdate="NO ACTION" referencedColumnNames="id" referencedTableName="users"/>
    </changeSet>
    <changeSet author="Admin (generated)" id="1654874088554-172">
        <addForeignKeyConstraint baseColumnNames="genre_id" baseTableName="book2genre" constraintName="fkkdc8kcprnkl4ygg2f0v9588wi" deferrable="false" initiallyDeferred="false" onDelete="NO ACTION" onUpdate="NO ACTION" referencedColumnNames="id" referencedTableName="genre"/>
    </changeSet>
    <changeSet author="Admin (generated)" id="1654874088554-173">
        <addForeignKeyConstraint baseColumnNames="book_id" baseTableName="book2tag" constraintName="fkkshb2gce4ettp6ehidjy86u5c" deferrable="false" initiallyDeferred="false" onDelete="NO ACTION" onUpdate="NO ACTION" referencedColumnNames="id" referencedTableName="books"/>
    </changeSet>
    <changeSet author="Admin (generated)" id="1654874088554-174">
        <addForeignKeyConstraint baseColumnNames="review_id" baseTableName="book_review_like" constraintName="fkl5konyr7ye2i76wv92vf9w6y2" deferrable="false" initiallyDeferred="false" onDelete="NO ACTION" onUpdate="NO ACTION" referencedColumnNames="id" referencedTableName="book_review"/>
    </changeSet>
    <changeSet author="Admin (generated)" id="1654874088554-175">
        <addForeignKeyConstraint baseColumnNames="user_id" baseTableName="balance_transaction" constraintName="fkndi1dijwreoyd8stngrabtx8m" deferrable="false" initiallyDeferred="false" onDelete="NO ACTION" onUpdate="NO ACTION" referencedColumnNames="id" referencedTableName="users"/>
    </changeSet>
    <changeSet author="Admin (generated)" id="1654874088554-176">
        <addForeignKeyConstraint baseColumnNames="user_id" baseTableName="book_review" constraintName="fkntncp0b191bex8jkm3vy3l13x" deferrable="false" initiallyDeferred="false" onDelete="NO ACTION" onUpdate="NO ACTION" referencedColumnNames="id" referencedTableName="users"/>
    </changeSet>
    <changeSet author="Admin (generated)" id="1654874088554-177">
        <addForeignKeyConstraint baseColumnNames="user_id" baseTableName="message" constraintName="fkpdrb79dg3bgym7pydlf9k3p1n" deferrable="false" initiallyDeferred="false" onDelete="NO ACTION" onUpdate="NO ACTION" referencedColumnNames="id" referencedTableName="users"/>
    </changeSet>
    <changeSet author="Admin (generated)" id="1654874088554-178">
        <addForeignKeyConstraint baseColumnNames="book_id" baseTableName="file_download" constraintName="fkswtliibr0mrua60wbmecwlfyo" deferrable="false" initiallyDeferred="false" onDelete="NO ACTION" onUpdate="NO ACTION" referencedColumnNames="id" referencedTableName="books"/>
    </changeSet>
</databaseChangeLog>
